Workbook

Sheet Guide
A1: Idle Cultivation: Balancing Model
A3: What this is
A4: A working model of the progression math from 03-Economy.md, 02-Systems.md (Vessel Model) and content/*.md. Change the inputs and every sheet recalculates.
A6: Color legend
A7: Blue text = input you can change · Black = formula · Green = pulled from another sheet · Yellow fill = key assumption
A9: Sheets
A10: Inputs: global constants, realm table (BASE, REALM_RATE, targets, rebirth gains, Karma), body-stage table.
A11: EXT_Budget: builds each realm's Qi multiplier (EXT) from grounds × Talisman × method × achievements × element match, and compares it with the old doc assumption.
A12: Qi_Pacing: level-by-level Vessel Model for all 10 Mortal realms (refill + growth time), cumulative meditation hours and calendar days.
A13: Body_Pacing: the same for the 7 body stages, using Train time.
A14: Rebirth: stacked Qi/Body gains, Karma, and a 6-life planner (edit the blue 'reached' cells) with Dao Marks if you ascend.
A15: Grounds_Economy: Spirit Stone income per tier vs Cultivation Ground upkeep, with recommended upkeep.
... A27: · SF–GA BASE values and Golden Body+ BODY_BASE values were tuned by this model to hit the registry targets; they are new numbers, not from the docs.

Sheet Inputs
A1: Inputs
A3: Global constants | B3: Value | C3: Note / source
A4: Cost growth per level (G) | B4: 1.15 | C4: 03-Economy: work × 1.15 per level
A5: Rate growth per level (P) | B5: 1.1 | C5: 03-Economy: rate × 1.10 per level
A6: Expansion efficiency | B6: 0.25 | C6: Vessel Model: 4 points → +1 max while full
A7: Level spend (% of cap) | B7: 0.8 | C7: Breakthrough spends 80% of cap (gates 100%)
A8: Cap factor (cap = factor × work) | B8: 0.76 | C8: 03-Economy cap(R,L) = 0.76 × work
A9: Peak cap multiplier (level 9) | B9: 1.6 | C9: cap(R,9) = 1.6 × cap(R,8)
A10: Effective hours per day | B10: 12 | C10: Online + offline within the 8 h cap, 3–6 check-ins
A11: Meditate share | B11: 0.4 | C11: Activity split assumption (03-Economy)
A12: Train share | B12: 0.3 | C12: Activity split assumption
A13: Battle share | B13: =1-B11-B12 | C13: Remainder
A14: Base regen (% of full rate) | B14: 0.1 | C14: Always on; refills only, never grows max
A15: Offline combat efficiency | B15: 0.8 | C15: Decision #8
A16: Body stage rate step | B16: 4 | C16: Tempering rate × 4 per body stage
A17: Achievement Qi bonus at 100% | B17: 3 | C17: Decision #62: +300% total
A18: Stone income growth per tier (T5+) | B18: 7 | C18: 03-Economy: ×7 per tier from SF
A19: Target upkeep share of income | B19: 0.12 | C19: 15-Cultivation-Grounds: about 10–15%
A21: Mortal Plane realms
A22: Idx | B22: Realm | C22: Abbrev | D22: Tier | E22: BASE (L1 work) | F22: REALM_RATE | G22: Target reach day | H22: REALM_GAIN | I22: Qi Karma add | J22: EXT override (blank = use EXT_Budget)
A23: 1 | B23: Meridian Opening | C23: MO | D23: T1 | E23: 15 | F23: 0.6 | G23: 0 | H23: 0 | I23: 0
A24: 2 | B24: Qi Condensation | C24: QC | D24: T1 | E24: 50 | F24: 1 | G24: 0.02 | H24: 0 | I24: 0
A25: 3 | B25: Qi Sea | C25: QS | D25: T1 | E25: 250 | F25: 2 | G25: 0.06 | H25: 0 | I25: 0
A26: 4 | B26: Foundation Establishment | C26: FE | D26: T2 | E26: 12000 | F26: 5 | G26: 0.2 | H26: 0 | I26: 0
A27: 5 | B27: Golden Core | C27: GC | D27: T3 | E27: 400000 | F27: 25 | G27: 1 | H27: 0.5 | I27: 2
A28: 6 | B28: Nascent Soul | C28: NS | D28: T4 | E28: 13000000 | F28: 125 | G28: 5 | H28: 1 | I28: 3
A29: 7 | B29: Soul Formation | C29: SF | D29: T5 | E29: 130000000 | F29: 625 | G29: 21 | H29: 2 | I29: 4
A30: 8 | B30: Void Breaking | C30: VB | D30: T6 | E30: 1600000000 | F30: 3125 | G30: 40 | H30: 4 | I30: 5
A31: 9 | B31: Mahayana | C31: MA | D31: T7 | E31: 27000000000 | F31: 15625 | G31: 65 | H31: 8 | I31: 6
A32: 10 | B32: Great Ascension | C32: GA | D32: T8–T9 | E32: 460000000000 | F32: 78125 | G32: 110 | H32: 16 | I32: 7
B33: Ascension (GA complete) | C33: ASC | G33: 180
A34: Target days: content/00-Registry.md (first life, 40/30/30 split). REALM_GAIN and Karma: 03-Economy / content/12-Rebirth.
A36: Body stages
A37: Idx | B37: Stage | C37: BODY_BASE (L1 work) | D37: EXT_body | E37: Target completion day | F37: STAGE_GAIN | G37: Body Karma add
A38: 1 | B38: Copper Skin | C38: 400 | D38: 1 | E38: 0.4 | F38: 0 | G38: 0
A39: 2 | B39: Iron Bone | C39: 12500 | D39: 1.5 | E39: 2.5 | F39: 0.5 | G39: 1
A40: 3 | B40: Silver Marrow | C40: 300000 | D40: 2.5 | E40: 11 | F40: 1 | G40: 2
A41: 4 | B41: Jade Flesh | C41: 4700000 | D41: 4 | E41: 30 | F41: 2 | G41: 3
A42: 5 | B42: Golden Body | C42: 77000000 | D42: 6 | E42: 72 | F42: 4 | G42: 4
A43: 6 | B43: Diamond Vajra Body | C43: 840000000 | D43: 9 | E43: 155 | F43: 8 | G43: 5
A44: 7 | B44: Immortal Body | C44: 5500000000 | D44: 13 | E44: 250 | F44: 16 | G44: 6
A45: Targets: content/02-Body.md. EXT_body = baths, Ring, Training Ground, mastery (assumed).

Sheet EXT_Budget
A1: EXT budget: what actually multiplies Qi rate in each realm
A3: Realm | B3: Best Meditation ground × | C3: Typical Talisman Qi × | D3: Cultivation method × | E3: Achievements earned (share of total) | F3: Element match × | G3: Achievement × | H3: Computed EXT | I3: Old doc EXT | J3: Computed ÷ doc | K3: EXT used in pacing
A4: =Inputs!C23 | B4: 1 | C4: 1 | D4: 1 | E4: 0 | F4: 1 | G4: =1+E4*Inputs!$B$17 | H4: =B4*C4*D4*G4*F4 | I4: 1 | J4: =IF(I4="","",H4/I4) | K4: =IF(Inputs!J23="",H4,Inputs!J23)
A5: =Inputs!C24 | B5: 1.1 | C5: 1.05 | D5: 1 | E5: 0 | F5: 1 | G5: =1+E5*Inputs!$B$17 | H5: =B5*C5*D5*G5*F5 | I5: 1 | J5: =IF(I5="","",H5/I5) | K5: =IF(Inputs!J24="",H5,Inputs!J24)
A6: =Inputs!C25 | B6: 1.1 | C6: 1.06 | D6: 1 | E6: 0.003 | F6: 1 | G6: =1+E6*Inputs!$B$17 | H6: =B6*C6*D6*G6*F6 | I6: 1 | J6: =IF(I6="","",H6/I6) | K6: =IF(Inputs!J25="",H6,Inputs!J25)
A7: =Inputs!C26 | B7: 1.25 | C7: 1.17 | D7: 1.2 | E7: 0.01 | F7: 1.1 | G7: =1+E7*Inputs!$B$17 | H7: =B7*C7*D7*G7*F7 | I7: 1.5 | J7: =IF(I7="","",H7/I7) | K7: =IF(Inputs!J26="",H7,Inputs!J26)
A8: =Inputs!C27 | B8: 1.4 | C8: 1.31 | D8: 1.35 | E8: 0.02 | F8: 1.1 | G8: =1+E8*Inputs!$B$17 | H8: =B8*C8*D8*G8*F8 | I8: 2.5 | J8: =IF(I8="","",H8/I8) | K8: =IF(Inputs!J27="",H8,Inputs!J27)
A9: =Inputs!C28 | B9: 1.65 | C9: 1.4 | D9: 1.5 | E9: 0.04 | F9: 1.1 | G9: =1+E9*Inputs!$B$17 | H9: =B9*C9*D9*G9*F9 | I9: 4 | J9: =IF(I9="","",H9/I9) | K9: =IF(Inputs!J28="",H9,Inputs!J28)
A10: =Inputs!C29 | B10: 2.05 | C10: 1.57 | D10: 1.7 | E10: 0.1 | F10: 1.1 | G10: =1+E10*Inputs!$B$17 | H10: =B10*C10*D10*G10*F10 | J10: =IF(I10="","",H10/I10) | K10: =IF(Inputs!J29="",H10,Inputs!J29)
A11: =Inputs!C30 | B11: 2.3 | C11: 1.7 | D11: 2 | E11: 0.2 | F11: 1.1 | G11: =1+E11*Inputs!$B$17 | H11: =B11*C11*D11*G11*F11 | J11: =IF(I11="","",H11/I11) | K11: =IF(Inputs!J30="",H11,Inputs!J30)
A12: =Inputs!C31 | B12: 2.85 | C12: 1.85 | D12: 2.3 | E12: 0.33 | F12: 1.1 | G12: =1+E12*Inputs!$B$17 | H12: =B12*C12*D12*G12*F12 | J12: =IF(I12="","",H12/I12) | K12: =IF(Inputs!J31="",H12,Inputs!J31)
A13: =Inputs!C32 | B13: 3.6 | C13: 2 | D13: 2.6 | E13: 0.6 | F13: 1.1 | G13: =1+E13*Inputs!$B$17 | H13: =B13*C13*D13*G13*F13 | J13: =IF(I13="","",H13/I13) | K13: =IF(Inputs!J32="",H13,Inputs!J32)
A15: Sources: grounds from content/15-Cultivation-Grounds (best site usable mid-realm); Talisman = typical rarity for the realm from 02-Systems §4 accessory ranges; method = 06-Techniques progression (assumed); achievements = assumed share of the +300% total earned by that realm; element match +10% from FE.

Sheet Qi_Pacing
A1: Qi pacing (Vessel Model, Meditate time)
A3: Key | B3: Idx | C3: Level | D3: Rate /s | E3: Work | F3: Cap (max at level end) | G3: Start max | H3: Refill amount | I3: Refill h | J3: Growth h | K3: Level h | L3: Cumulative h | M3: Day (end of level) | N3: Day (level reached)
A4: =Inputs!$C$23&" 1" | B4: 1 | C4: 1 | D4: =INDEX(Inputs!$F$23:$F$32,B4)*Inputs!$B$5^(C4-1)*INDEX(EXT_Budget!$K$4:$K$13,B4) | E4: =INDEX(Inputs!$E$23:$E$32,B4)*Inputs!$B$4^(C4-1) | F4: =IF(C4<9,Inputs!$B$8*E4,Inputs!$B$9*Inputs!$B$8*INDEX(Inputs!$E$23:$E$32,B4)*Inputs!$B$4^7) | G4: =F4/Inputs!$B$4 | H4: =G4 | I4: =H4/D4/3600 | J4: =(F4-G4)/(Inputs!$B$6*D4)/3600 | K4: =I4+J4 | L4: =K4 | M4: =L4/(Inputs!$B$10*Inputs!$B$11) | N4: =(L4-K4)/(Inputs!$B$10*Inputs!$B$11)
A5: =Inputs!$C$23&" 2" | B5: 1 | C5: 2 | D5: =INDEX(Inputs!$F$23:$F$32,B5)*Inputs!$B$5^(C5-1)*INDEX(EXT_Budget!$K$4:$K$13,B5) | E5: =INDEX(Inputs!$E$23:$E$32,B5)*Inputs!$B$4^(C5-1) | F5: =IF(C5<9,Inputs!$B$8*E5,Inputs!$B$9*Inputs!$B$8*INDEX(Inputs!$E$23:$E$32,B5)*Inputs!$B$4^7) | G5: =IF(C5=1,F5/Inputs!$B$4,F4) | H5: =IF(C5=1,G5,Inputs!$B$7*F4) | I5: =H5/D5/3600 | J5: =(F5-G5)/(Inputs!$B$6*D5)/3600 | K5: =I5+J5 | L5: =L4+K5 | M5: =L5/(Inputs!$B$10*Inputs!$B$11) | N5: =(L5-K5)/(Inputs!$B$10*Inputs!$B$11)
A6: =Inputs!$C$23&" 3" | B6: 1 | C6: 3 | D6: =INDEX(Inputs!$F$23:$F$32,B6)*Inputs!$B$5^(C6-1)*INDEX(EXT_Budget!$K$4:$K$13,B6) | E6: =INDEX(Inputs!$E$23:$E$32,B6)*Inputs!$B$4^(C6-1) | F6: =IF(C6<9,Inputs!$B$8*E6,Inputs!$B$9*Inputs!$B$8*INDEX(Inputs!$E$23:$E$32,B6)*Inputs!$B$4^7) | G6: =IF(C6=1,F6/Inputs!$B$4,F5) | H6: =IF(C6=1,G6,Inputs!$B$7*F5) | I6: =H6/D6/3600 | J6: =(F6-G6)/(Inputs!$B$6*D6)/3600 | K6: =I6+J6 | L6: =L5+K6 | M6: =L6/(Inputs!$B$10*Inputs!$B$11) | N6: =(L6-K6)/(Inputs!$B$10*Inputs!$B$11)
A7: =Inputs!$C$23&" 4" | B7: 1 | C7: 4 | D7: =INDEX(Inputs!$F$23:$F$32,B7)*Inputs!$B$5^(C7-1)*INDEX(EXT_Budget!$K$4:$K$13,B7) | E7: =INDEX(Inputs!$E$23:$E$32,B7)*Inputs!$B$4^(C7-1) | F7: =IF(C7<9,Inputs!$B$8*E7,Inputs!$B$9*Inputs!$B$8*INDEX(Inputs!$E$23:$E$32,B7)*Inputs!$B$4^7) | G7: =IF(C7=1,F7/Inputs!$B$4,F6) | H7: =IF(C7=1,G7,Inputs!$B$7*F6) | I7: =H7/D7/3600 | J7: =(F7-G7)/(Inputs!$B$6*D7)/3600 | K7: =I7+J7 | L7: =L6+K7 | M7: =L7/(Inputs!$B$10*Inputs!$B$11) | N7: =(L7-K7)/(Inputs!$B$10*Inputs!$B$11)
A8: =Inputs!$C$23&" 5" | B8: 1 | C8: 5 | D8: =INDEX(Inputs!$F$23:$F$32,B8)*Inputs!$B$5^(C8-1)*INDEX(EXT_Budget!$K$4:$K$13,B8) | E8: =INDEX(Inputs!$E$23:$E$32,B8)*Inputs!$B$4^(C8-1) | F8: =IF(C8<9,Inputs!$B$8*E8,Inputs!$B$9*Inputs!$B$8*INDEX(Inputs!$E$23:$E$32,B8)*Inputs!$B$4^7) | G8: =IF(C8=1,F8/Inputs!$B$4,F7) | H8: =IF(C8=1,G8,Inputs!$B$7*F7) | I8: =H8/D8/3600 | J8: =(F8-G8)/(Inputs!$B$6*D8)/3600 | K8: =I8+J8 | L8: =L7+K8 | M8: =L8/(Inputs!$B$10*Inputs!$B$11) | N8: =(L8-K8)/(Inputs!$B$10*Inputs!$B$11)
A9: =Inputs!$C$23&" 6" | B9: 1 | C9: 6 | D9: =INDEX(Inputs!$F$23:$F$32,B9)*Inputs!$B$5^(C9-1)*INDEX(EXT_Budget!$K$4:$K$13,B9) | E9: =INDEX(Inputs!$E$23:$E$32,B9)*Inputs!$B$4^(C9-1) | F9: =IF(C9<9,Inputs!$B$8*E9,Inputs!$B$9*Inputs!$B$8*INDEX(Inputs!$E$23:$E$32,B9)*Inputs!$B$4^7) | G9: =IF(C9=1,F9/Inputs!$B$4,F8) | H9: =IF(C9=1,G9,Inputs!$B$7*F8) | I9: =H9/D9/3600 | J9: =(F9-G9)/(Inputs!$B$6*D9)/3600 | K9: =I9+J9 | L9: =L8+K9 | M9: =L9/(Inputs!$B$10*Inputs!$B$11) | N9: =(L9-K9)/(Inputs!$B$10*Inputs!$B$11)
A10: =Inputs!$C$23&" 7" | B10: 1 | C10: 7 | D10: =INDEX(Inputs!$F$23:$F$32,B10)*Inputs!$B$5^(C10-1)*INDEX(EXT_Budget!$K$4:$K$13,B10) | E10: =INDEX(Inputs!$E$23:$E$32,B10)*Inputs!$B$4^(C10-1) | F10: =IF(C10<9,Inputs!$B$8*E10,Inputs!$B$9*Inputs!$B$8*INDEX(Inputs!$E$23:$E$32,B10)*Inputs!$B$4^7) | G10: =IF(C10=1,F10/Inputs!$B$4,F9) | H10: =IF(C10=1,G10,Inputs!$B$7*F9) | I10: =H10/D10/3600 | J10: =(F10-G10)/(Inputs!$B$6*D10)/3600 | K10: =I10+J10 | L10: =L9+K10 | M10: =L10/(Inputs!$B$10*Inputs!$B$11) | N10: =(L10-K10)/(Inputs!$B$10*Inputs!$B$11)
A11: =Inputs!$C$23&" 8" | B11: 1 | C11: 8 | D11: =INDEX(Inputs!$F$23:$F$32,B11)*Inputs!$B$5^(C11-1)*INDEX(EXT_Budget!$K$4:$K$13,B11) | E11: =INDEX(Inputs!$E$23:$E$32,B11)*Inputs!$B$4^(C11-1) | F11: =IF(C11<9,Inputs!$B$8*E11,Inputs!$B$9*Inputs!$B$8*INDEX(Inputs!$E$23:$E$32,B11)*Inputs!$B$4^7) | G11: =IF(C11=1,F11/Inputs!$B$4,F10) | H11: =IF(C11=1,G11,Inputs!$B$7*F10) | I11: =H11/D11/3600 | J11: =(F11-G11)/(Inputs!$B$6*D11)/3600 | K11: =I11+J11 | L11: =L10+K11 | M11: =L11/(Inputs!$B$10*Inputs!$B$11) | N11: =(L11-K11)/(Inputs!$B$10*Inputs!$B$11)
A12: =Inputs!$C$23&" 9" | B12: 1 | C12: 9 | D12: =INDEX(Inputs!$F$23:$F$32,B12)*Inputs!$B$5^(C12-1)*INDEX(EXT_Budget!$K$4:$K$13,B12) | E12: =INDEX(Inputs!$E$23:$E$32,B12)*Inputs!$B$4^(C12-1) | F12: =IF(C12<9,Inputs!$B$8*E12,Inputs!$B$9*Inputs!$B$8*INDEX(Inputs!$E$23:$E$32,B12)*Inputs!$B$4^7) | G12: =IF(C12=1,F12/Inputs!$B$4,F11) | H12: =IF(C12=1,G12,Inputs!$B$7*F11) | I12: =H12/D12/3600 | J12: =(F12-G12)/(Inputs!$B$6*D12)/3600 | K12: =I12+J12 | L12: =L11+K12 | M12: =L12/(Inputs!$B$10*Inputs!$B$11) | N12: =(L12-K12)/(Inputs!$B$10*Inputs!$B$11)
A13: =Inputs!$C$24&" 1" | B13: 2 | C13: 1 | D13: =INDEX(Inputs!$F$23:$F$32,B13)*Inputs!$B$5^(C13-1)*INDEX(EXT_Budget!$K$4:$K$13,B13) | E13: =INDEX(Inputs!$E$23:$E$32,B13)*Inputs!$B$4^(C13-1) | F13: =IF(C13<9,Inputs!$B$8*E13,Inputs!$B$9*Inputs!$B$8*INDEX(Inputs!$E$23:$E$32,B13)*Inputs!$B$4^7) | G13: =IF(C13=1,F13/Inputs!$B$4,F12) | H13: =IF(C13=1,G13,Inputs!$B$7*F12) | I13: =H13/D13/3600 | J13: =(F13-G13)/(Inputs!$B$6*D13)/3600 | K13: =I13+J13 | L13: =L12+K13 | M13: =L13/(Inputs!$B$10*Inputs!$B$11) | N13: =(L13-K13)/(Inputs!$B$10*Inputs!$B$11)
A14: =Inputs!$C$24&" 2" | B14: 2 | C14: 2 | D14: =INDEX(Inputs!$F$23:$F$32,B14)*Inputs!$B$5^(C14-1)*INDEX(EXT_Budget!$K$4:$K$13,B14) | E14: =INDEX(Inputs!$E$23:$E$32,B14)*Inputs!$B$4^(C14-1) | F14: =IF(C14<9,Inputs!$B$8*E14,Inputs!$B$9*Inputs!$B$8*INDEX(Inputs!$E$23:$E$32,B14)*Inputs!$B$4^7) | G14: =IF(C14=1,F14/Inputs!$B$4,F13) | H14: =IF(C14=1,G14,Inputs!$B$7*F13) | I14: =H14/D14/3600 | J14: =(F14-G14)/(Inputs!$B$6*D14)/3600 | K14: =I14+J14 | L14: =L13+K14 | M14: =L14/(Inputs!$B$10*Inputs!$B$11) | N14: =(L14-K14)/(Inputs!$B$10*Inputs!$B$11)
A15: =Inputs!$C$24&" 3" | B15: 2 | C15: 3 | D15: =INDEX(Inputs!$F$23:$F$32,B15)*Inputs!$B$5^(C15-1)*INDEX(EXT_Budget!$K$4:$K$13,B15) | E15: =INDEX(Inputs!$E$23:$E$32,B15)*Inputs!$B$4^(C15-1) | F15: =IF(C15<9,Inputs!$B$8*E15,Inputs!$B$9*Inputs!$B$8*INDEX(Inputs!$E$23:$E$32,B15)*Inputs!$B$4^7) | G15: =IF(C15=1,F15/Inputs!$B$4,F14) | H15: =IF(C15=1,G15,Inputs!$B$7*F14) | I15: =H15/D15/3600 | J15: =(F15-G15)/(Inputs!$B$6*D15)/3600 | K15: =I15+J15 | L15: =L14+K15 | M15: =L15/(Inputs!$B$10*Inputs!$B$11) | N15: =(L15-K15)/(Inputs!$B$10*Inputs!$B$11)
A16: =Inputs!$C$24&" 4" | B16: 2 | C16: 4 | D16: =INDEX(Inputs!$F$23:$F$32,B16)*Inputs!$B$5^(C16-1)*INDEX(EXT_Budget!$K$4:$K$13,B16) | E16: =INDEX(Inputs!$E$23:$E$32,B16)*Inputs!$B$4^(C16-1) | F16: =IF(C16<9,Inputs!$B$8*E16,Inputs!$B$9*Inputs!$B$8*INDEX(Inputs!$E$23:$E$32,B16)*Inputs!$B$4^7) | G16: =IF(C16=1,F16/Inputs!$B$4,F15) | H16: =IF(C16=1,G16,Inputs!$B$7*F15) | I16: =H16/D16/3600 | J16: =(F16-G16)/(Inputs!$B$6*D16)/3600 | K16: =I16+J16 | L16: =L15+K16 | M16: =L16/(Inputs!$B$10*Inputs!$B$11) | N16: =(L16-K16)/(Inputs!$B$10*Inputs!$B$11)
A17: =Inputs!$C$24&" 5" | B17: 2 | C17: 5 | D17: =INDEX(Inputs!$F$23:$F$32,B17)*Inputs!$B$5^(C17-1)*INDEX(EXT_Budget!$K$4:$K$13,B17) | E17: =INDEX(Inputs!$E$23:$E$32,B17)*Inputs!$B$4^(C17-1) | F17: =IF(C17<9,Inputs!$B$8*E17,Inputs!$B$9*Inputs!$B$8*INDEX(Inputs!$E$23:$E$32,B17)*Inputs!$B$4^7) | G17: =IF(C17=1,F17/Inputs!$B$4,F16) | H17: =IF(C17=1,G17,Inputs!$B$7*F16) | I17: =H17/D17/3600 | J17: =(F17-G17)/(Inputs!$B$6*D17)/3600 | K17: =I17+J17 | L17: =L16+K17 | M17: =L17/(Inputs!$B$10*Inputs!$B$11) | N17: =(L17-K17)/(Inputs!$B$10*Inputs!$B$11)
A18: =Inputs!$C$24&" 6" | B18: 2 | C18: 6 | D18: =INDEX(Inputs!$F$23:$F$32,B18)*Inputs!$B$5^(C18-1)*INDEX(EXT_Budget!$K$4:$K$13,B18) | E18: =INDEX(Inputs!$E$23:$E$32,B18)*Inputs!$B$4^(C18-1) | F18: =IF(C18<9,Inputs!$B$8*E18,Inputs!$B$9*Inputs!$B$8*INDEX(Inputs!$E$23:$E$32,B18)*Inputs!$B$4^7) | G18: =IF(C18=1,F18/Inputs!$B$4,F17) | H18: =IF(C18=1,G18,Inputs!$B$7*F17) | I18: =H18/D18/3600 | J18: =(F18-G18)/(Inputs!$B$6*D18)/3600 | K18: =I18+J18 | L18: =L17+K18 | M18: =L18/(Inputs!$B$10*Inputs!$B$11) | N18: =(L18-K18)/(Inputs!$B$10*Inputs!$B$11)
A19: =Inputs!$C$24&" 7" | B19: 2 | C19: 7 | D19: =INDEX(Inputs!$F$23:$F$32,B19)*Inputs!$B$5^(C19-1)*INDEX(EXT_Budget!$K$4:$K$13,B19) | E19: =INDEX(Inputs!$E$23:$E$32,B19)*Inputs!$B$4^(C19-1) | F19: =IF(C19<9,Inputs!$B$8*E19,Inputs!$B$9*Inputs!$B$8*INDEX(Inputs!$E$23:$E$32,B19)*Inputs!$B$4^7) | G19: =IF(C19=1,F19/Inputs!$B$4,F18) | H19: =IF(C19=1,G19,Inputs!$B$7*F18) | I19: =H19/D19/3600 | J19: =(F19-G19)/(Inputs!$B$6*D19)/3600 | K19: =I19+J19 | L19: =L18+K19 | M19: =L19/(Inputs!$B$10*Inputs!$B$11) | N19: =(L19-K19)/(Inputs!$B$10*Inputs!$B$11)
A20: =Inputs!$C$24&" 8" | B20: 2 | C20: 8 | D20: =INDEX(Inputs!$F$23:$F$32,B20)*Inputs!$B$5^(C20-1)*INDEX(EXT_Budget!$K$4:$K$13,B20) | E20: =INDEX(Inputs!$E$23:$E$32,B20)*Inputs!$B$4^(C20-1) | F20: =IF(C20<9,Inputs!$B$8*E20,Inputs!$B$9*Inputs!$B$8*INDEX(Inputs!$E$23:$E$32,B20)*Inputs!$B$4^7) | G20: =IF(C20=1,F20/Inputs!$B$4,F19) | H20: =IF(C20=1,G20,Inputs!$B$7*F19) | I20: =H20/D20/3600 | J20: =(F20-G20)/(Inputs!$B$6*D20)/3600 | K20: =I20+J20 | L20: =L19+K20 | M20: =L20/(Inputs!$B$10*Inputs!$B$11) | N20: =(L20-K20)/(Inputs!$B$10*Inputs!$B$11)
A21: =Inputs!$C$24&" 9" | B21: 2 | C21: 9 | D21: =INDEX(Inputs!$F$23:$F$32,B21)*Inputs!$B$5^(C21-1)*INDEX(EXT_Budget!$K$4:$K$13,B21) | E21: =INDEX(Inputs!$E$23:$E$32,B21)*Inputs!$B$4^(C21-1) | F21: =IF(C21<9,Inputs!$B$8*E21,Inputs!$B$9*Inputs!$B$8*INDEX(Inputs!$E$23:$E$32,B21)*Inputs!$B$4^7) | G21: =IF(C21=1,F21/Inputs!$B$4,F20) | H21: =IF(C21=1,G21,Inputs!$B$7*F20) | I21: =H21/D21/3600 | J21: =(F21-G21)/(Inputs!$B$6*D21)/3600 | K21: =I21+J21 | L21: =L20+K21 | M21: =L21/(Inputs!$B$10*Inputs!$B$11) | N21: =(L21-K21)/(Inputs!$B$10*Inputs!$B$11)
A22: =Inputs!$C$25&" 1" | B22: 3 | C22: 1 | D22: =INDEX(Inputs!$F$23:$F$32,B22)*Inputs!$B$5^(C22-1)*INDEX(EXT_Budget!$K$4:$K$13,B22) | E22: =INDEX(Inputs!$E$23:$E$32,B22)*Inputs!$B$4^(C22-1) | F22: =IF(C22<9,Inputs!$B$8*E22,Inputs!$B$9*Inputs!$B$8*INDEX(Inputs!$E$23:$E$32,B22)*Inputs!$B$4^7) | G22: =IF(C22=1,F22/Inputs!$B$4,F21) | H22: =IF(C22=1,G22,Inputs!$B$7*F21) | I22: =H22/D22/3600 | J22: =(F22-G22)/(Inputs!$B$6*D22)/3600 | K22: =I22+J22 | L22: =L21+K22 | M22: =L22/(Inputs!$B$10*Inputs!$B$11) | N22: =(L22-K22)/(Inputs!$B$10*Inputs!$B$11)
A23: =Inputs!$C$25&" 2" | B23: 3 | C23: 2 | D23: =INDEX(Inputs!$F$23:$F$32,B23)*Inputs!$B$5^(C23-1)*INDEX(EXT_Budget!$K$4:$K$13,B23) | E23: =INDEX(Inputs!$E$23:$E$32,B23)*Inputs!$B$4^(C23-1) | F23: =IF(C23<9,Inputs!$B$8*E23,Inputs!$B$9*Inputs!$B$8*INDEX(Inputs!$E$23:$E$32,B23)*Inputs!$B$4^7) | G23: =IF(C23=1,F23/Inputs!$B$4,F22) | H23: =IF(C23=1,G23,Inputs!$B$7*F22) | I23: =H23/D23/3600 | J23: =(F23-G23)/(Inputs!$B$6*D23)/3600 | K23: =I23+J23 | L23: =L22+K23 | M23: =L23/(Inputs!$B$10*Inputs!$B$11) | N23: =(L23-K23)/(Inputs!$B$10*Inputs!$B$11)
A24: =Inputs!$C$25&" 3" | B24: 3 | C24: 3 | D24: =INDEX(Inputs!$F$23:$F$32,B24)*Inputs!$B$5^(C24-1)*INDEX(EXT_Budget!$K$4:$K$13,B24) | E24: =INDEX(Inputs!$E$23:$E$32,B24)*Inputs!$B$4^(C24-1) | F24: =IF(C24<9,Inputs!$B$8*E24,Inputs!$B$9*Inputs!$B$8*INDEX(Inputs!$E$23:$E$32,B24)*Inputs!$B$4^7) | G24: =IF(C24=1,F24/Inputs!$B$4,F23) | H24: =IF(C24=1,G24,Inputs!$B$7*F23) | I24: =H24/D24/3600 | J24: =(F24-G24)/(Inputs!$B$6*D24)/3600 | K24: =I24+J24 | L24: =L23+K24 | M24: =L24/(Inputs!$B$10*Inputs!$B$11) | N24: =(L24-K24)/(Inputs!$B$10*Inputs!$B$11)
A25: =Inputs!$C$25&" 4" | B25: 3 | C25: 4 | D25: =INDEX(Inputs!$F$23:$F$32,B25)*Inputs!$B$5^(C25-1)*INDEX(EXT_Budget!$K$4:$K$13,B25) | E25: =INDEX(Inputs!$E$23:$E$32,B25)*Inputs!$B$4^(C25-1) | F25: =IF(C25<9,Inputs!$B$8*E25,Inputs!$B$9*Inputs!$B$8*INDEX(Inputs!$E$23:$E$32,B25)*Inputs!$B$4^7) | G25: =IF(C25=1,F25/Inputs!$B$4,F24) | H25: =IF(C25=1,G25,Inputs!$B$7*F24) | I25: =H25/D25/3600 | J25: =(F25-G25)/(Inputs!$B$6*D25)/3600 | K25: =I25+J25 | L25: =L24+K25 | M25: =L25/(Inputs!$B$10*Inputs!$B$11) | N25: =(L25-K25)/(Inputs!$B$10*Inputs!$B$11)
A26: =Inputs!$C$25&" 5" | B26: 3 | C26: 5 | D26: =INDEX(Inputs!$F$23:$F$32,B26)*Inputs!$B$5^(C26-1)*INDEX(EXT_Budget!$K$4:$K$13,B26) | E26: =INDEX(Inputs!$E$23:$E$32,B26)*Inputs!$B$4^(C26-1) | F26: =IF(C26<9,Inputs!$B$8*E26,Inputs!$B$9*Inputs!$B$8*INDEX(Inputs!$E$23:$E$32,B26)*Inputs!$B$4^7) | G26: =IF(C26=1,F26/Inputs!$B$4,F25) | H26: =IF(C26=1,G26,Inputs!$B$7*F25) | I26: =H26/D26/3600 | J26: =(F26-G26)/(Inputs!$B$6*D26)/3600 | K26: =I26+J26 | L26: =L25+K26 | M26: =L26/(Inputs!$B$10*Inputs!$B$11) | N26: =(L26-K26)/(Inputs!$B$10*Inputs!$B$11)
A27: =Inputs!$C$25&" 6" | B27: 3 | C27: 6 | D27: =INDEX(Inputs!$F$23:$F$32,B27)*Inputs!$B$5^(C27-1)*INDEX(EXT_Budget!$K$4:$K$13,B27) | E27: =INDEX(Inputs!$E$23:$E$32,B27)*Inputs!$B$4^(C27-1) | F27: =IF(C27<9,Inputs!$B$8*E27,Inputs!$B$9*Inputs!$B$8*INDEX(Inputs!$E$23:$E$32,B27)*Inputs!$B$4^7) | G27: =IF(C27=1,F27/Inputs!$B$4,F26) | H27: =IF(C27=1,G27,Inputs!$B$7*F26) | I27: =H27/D27/3600 | J27: =(F27-G27)/(Inputs!$B$6*D27)/3600 | K27: =I27+J27 | L27: =L26+K27 | M27: =L27/(Inputs!$B$10*Inputs!$B$11) | N27: =(L27-K27)/(Inputs!$B$10*Inputs!$B$11)
A28: =Inputs!$C$25&" 7" | B28: 3 | C28: 7 | D28: =INDEX(Inputs!$F$23:$F$32,B28)*Inputs!$B$5^(C28-1)*INDEX(EXT_Budget!$K$4:$K$13,B28) | E28: =INDEX(Inputs!$E$23:$E$32,B28)*Inputs!$B$4^(C28-1) | F28: =IF(C28<9,Inputs!$B$8*E28,Inputs!$B$9*Inputs!$B$8*INDEX(Inputs!$E$23:$E$32,B28)*Inputs!$B$4^7) | G28: =IF(C28=1,F28/Inputs!$B$4,F27) | H28: =IF(C28=1,G28,Inputs!$B$7*F27) | I28: =H28/D28/3600 | J28: =(F28-G28)/(Inputs!$B$6*D28)/3600 | K28: =I28+J28 | L28: =L27+K28 | M28: =L28/(Inputs!$B$10*Inputs!$B$11) | N28: =(L28-K28)/(Inputs!$B$10*Inputs!$B$11)
A29: =Inputs!$C$25&" 8" | B29: 3 | C29: 8 | D29: =INDEX(Inputs!$F$23:$F$32,B29)*Inputs!$B$5^(C29-1)*INDEX(EXT_Budget!$K$4:$K$13,B29) | E29: =INDEX(Inputs!$E$23:$E$32,B29)*Inputs!$B$4^(C29-1) | F29: =IF(C29<9,Inputs!$B$8*E29,Inputs!$B$9*Inputs!$B$8*INDEX(Inputs!$E$23:$E$32,B29)*Inputs!$B$4^7) | G29: =IF(C29=1,F29/Inputs!$B$4,F28) | H29: =IF(C29=1,G29,Inputs!$B$7*F28) | I29: =H29/D29/3600 | J29: =(F29-G29)/(Inputs!$B$6*D29)/3600 | K29: =I29+J29 | L29: =L28+K29 | M29: =L29/(Inputs!$B$10*Inputs!$B$11) | N29: =(L29-K29)/(Inputs!$B$10*Inputs!$B$11)
A30: =Inputs!$C$25&" 9" | B30: 3 | C30: 9 | D30: =INDEX(Inputs!$F$23:$F$32,B30)*Inputs!$B$5^(C30-1)*INDEX(EXT_Budget!$K$4:$K$13,B30) | E30: =INDEX(Inputs!$E$23:$E$32,B30)*Inputs!$B$4^(C30-1) | F30: =IF(C30<9,Inputs!$B$8*E30,Inputs!$B$9*Inputs!$B$8*INDEX(Inputs!$E$23:$E$32,B30)*Inputs!$B$4^7) | G30: =IF(C30=1,F30/Inputs!$B$4,F29) | H30: =IF(C30=1,G30,Inputs!$B$7*F29) | I30: =H30/D30/3600 | J30: =(F30-G30)/(Inputs!$B$6*D30)/3600 | K30: =I30+J30 | L30: =L29+K30 | M30: =L30/(Inputs!$B$10*Inputs!$B$11) | N30: =(L30-K30)/(Inputs!$B$10*Inputs!$B$11)
A31: =Inputs!$C$26&" 1" | B31: 4 | C31: 1 | D31: =INDEX(Inputs!$F$23:$F$32,B31)*Inputs!$B$5^(C31-1)*INDEX(EXT_Budget!$K$4:$K$13,B31) | E31: =INDEX(Inputs!$E$23:$E$32,B31)*Inputs!$B$4^(C31-1) | F31: =IF(C31<9,Inputs!$B$8*E31,Inputs!$B$9*Inputs!$B$8*INDEX(Inputs!$E$23:$E$32,B31)*Inputs!$B$4^7) | G31: =IF(C31=1,F31/Inputs!$B$4,F30) | H31: =IF(C31=1,G31,Inputs!$B$7*F30) | I31: =H31/D31/3600 | J31: =(F31-G31)/(Inputs!$B$6*D31)/3600 | K31: =I31+J31 | L31: =L30+K31 | M31: =L31/(Inputs!$B$10*Inputs!$B$11) | N31: =(L31-K31)/(Inputs!$B$10*Inputs!$B$11)
A32: =Inputs!$C$26&" 2" | B32: 4 | C32: 2 | D32: =INDEX(Inputs!$F$23:$F$32,B32)*Inputs!$B$5^(C32-1)*INDEX(EXT_Budget!$K$4:$K$13,B32) | E32: =INDEX(Inputs!$E$23:$E$32,B32)*Inputs!$B$4^(C32-1) | F32: =IF(C32<9,Inputs!$B$8*E32,Inputs!$B$9*Inputs!$B$8*INDEX(Inputs!$E$23:$E$32,B32)*Inputs!$B$4^7) | G32: =IF(C32=1,F32/Inputs!$B$4,F31) | H32: =IF(C32=1,G32,Inputs!$B$7*F31) | I32: =H32/D32/3600 | J32: =(F32-G32)/(Inputs!$B$6*D32)/3600 | K32: =I32+J32 | L32: =L31+K32 | M32: =L32/(Inputs!$B$10*Inputs!$B$11) | N32: =(L32-K32)/(Inputs!$B$10*Inputs!$B$11)
A33: =Inputs!$C$26&" 3" | B33: 4 | C33: 3 | D33: =INDEX(Inputs!$F$23:$F$32,B33)*Inputs!$B$5^(C33-1)*INDEX(EXT_Budget!$K$4:$K$13,B33) | E33: =INDEX(Inputs!$E$23:$E$32,B33)*Inputs!$B$4^(C33-1) | F33: =IF(C33<9,Inputs!$B$8*E33,Inputs!$B$9*Inputs!$B$8*INDEX(Inputs!$E$23:$E$32,B33)*Inputs!$B$4^7) | G33: =IF(C33=1,F33/Inputs!$B$4,F32) | H33: =IF(C33=1,G33,Inputs!$B$7*F32) | I33: =H33/D33/3600 | J33: =(F33-G33)/(Inputs!$B$6*D33)/3600 | K33: =I33+J33 | L33: =L32+K33 | M33: =L33/(Inputs!$B$10*Inputs!$B$11) | N33: =(L33-K33)/(Inputs!$B$10*Inputs!$B$11)
A34: =Inputs!$C$26&" 4" | B34: 4 | C34: 4 | D34: =INDEX(Inputs!$F$23:$F$32,B34)*Inputs!$B$5^(C34-1)*INDEX(EXT_Budget!$K$4:$K$13,B34) | E34: =INDEX(Inputs!$E$23:$E$32,B34)*Inputs!$B$4^(C34-1) | F34: =IF(C34<9,Inputs!$B$8*E34,Inputs!$B$9*Inputs!$B$8*INDEX(Inputs!$E$23:$E$32,B34)*Inputs!$B$4^7) | G34: =IF(C34=1,F34/Inputs!$B$4,F33) | H34: =IF(C34=1,G34,Inputs!$B$7*F33) | I34: =H34/D34/3600 | J34: =(F34-G34)/(Inputs!$B$6*D34)/3600 | K34: =I34+J34 | L34: =L33+K34 | M34: =L34/(Inputs!$B$10*Inputs!$B$11) | N34: =(L34-K34)/(Inputs!$B$10*Inputs!$B$11)
A35: =Inputs!$C$26&" 5" | B35: 4 | C35: 5 | D35: =INDEX(Inputs!$F$23:$F$32,B35)*Inputs!$B$5^(C35-1)*INDEX(EXT_Budget!$K$4:$K$13,B35) | E35: =INDEX(Inputs!$E$23:$E$32,B35)*Inputs!$B$4^(C35-1) | F35: =IF(C35<9,Inputs!$B$8*E35,Inputs!$B$9*Inputs!$B$8*INDEX(Inputs!$E$23:$E$32,B35)*Inputs!$B$4^7) | G35: =IF(C35=1,F35/Inputs!$B$4,F34) | H35: =IF(C35=1,G35,Inputs!$B$7*F34) | I35: =H35/D35/3600 | J35: =(F35-G35)/(Inputs!$B$6*D35)/3600 | K35: =I35+J35 | L35: =L34+K35 | M35: =L35/(Inputs!$B$10*Inputs!$B$11) | N35: =(L35-K35)/(Inputs!$B$10*Inputs!$B$11)
A36: =Inputs!$C$26&" 6" | B36: 4 | C36: 6 | D36: =INDEX(Inputs!$F$23:$F$32,B36)*Inputs!$B$5^(C36-1)*INDEX(EXT_Budget!$K$4:$K$13,B36) | E36: =INDEX(Inputs!$E$23:$E$32,B36)*Inputs!$B$4^(C36-1) | F36: =IF(C36<9,Inputs!$B$8*E36,Inputs!$B$9*Inputs!$B$8*INDEX(Inputs!$E$23:$E$32,B36)*Inputs!$B$4^7) | G36: =IF(C36=1,F36/Inputs!$B$4,F35) | H36: =IF(C36=1,G36,Inputs!$B$7*F35) | I36: =H36/D36/3600 | J36: =(F36-G36)/(Inputs!$B$6*D36)/3600 | K36: =I36+J36 | L36: =L35+K36 | M36: =L36/(Inputs!$B$10*Inputs!$B$11) | N36: =(L36-K36)/(Inputs!$B$10*Inputs!$B$11)
A37: =Inputs!$C$26&" 7" | B37: 4 | C37: 7 | D37: =INDEX(Inputs!$F$23:$F$32,B37)*Inputs!$B$5^(C37-1)*INDEX(EXT_Budget!$K$4:$K$13,B37) | E37: =INDEX(Inputs!$E$23:$E$32,B37)*Inputs!$B$4^(C37-1) | F37: =IF(C37<9,Inputs!$B$8*E37,Inputs!$B$9*Inputs!$B$8*INDEX(Inputs!$E$23:$E$32,B37)*Inputs!$B$4^7) | G37: =IF(C37=1,F37/Inputs!$B$4,F36) | H37: =IF(C37=1,G37,Inputs!$B$7*F36) | I37: =H37/D37/3600 | J37: =(F37-G37)/(Inputs!$B$6*D37)/3600 | K37: =I37+J37 | L37: =L36+K37 | M37: =L37/(Inputs!$B$10*Inputs!$B$11) | N37: =(L37-K37)/(Inputs!$B$10*Inputs!$B$11)
A38: =Inputs!$C$26&" 8" | B38: 4 | C38: 8 | D38: =INDEX(Inputs!$F$23:$F$32,B38)*Inputs!$B$5^(C38-1)*INDEX(EXT_Budget!$K$4:$K$13,B38) | E38: =INDEX(Inputs!$E$23:$E$32,B38)*Inputs!$B$4^(C38-1) | F38: =IF(C38<9,Inputs!$B$8*E38,Inputs!$B$9*Inputs!$B$8*INDEX(Inputs!$E$23:$E$32,B38)*Inputs!$B$4^7) | G38: =IF(C38=1,F38/Inputs!$B$4,F37) | H38: =IF(C38=1,G38,Inputs!$B$7*F37) | I38: =H38/D38/3600 | J38: =(F38-G38)/(Inputs!$B$6*D38)/3600 | K38: =I38+J38 | L38: =L37+K38 | M38: =L38/(Inputs!$B$10*Inputs!$B$11) | N38: =(L38-K38)/(Inputs!$B$10*Inputs!$B$11)
A39: =Inputs!$C$26&" 9" | B39: 4 | C39: 9 | D39: =INDEX(Inputs!$F$23:$F$32,B39)*Inputs!$B$5^(C39-1)*INDEX(EXT_Budget!$K$4:$K$13,B39) | E39: =INDEX(Inputs!$E$23:$E$32,B39)*Inputs!$B$4^(C39-1) | F39: =IF(C39<9,Inputs!$B$8*E39,Inputs!$B$9*Inputs!$B$8*INDEX(Inputs!$E$23:$E$32,B39)*Inputs!$B$4^7) | G39: =IF(C39=1,F39/Inputs!$B$4,F38) | H39: =IF(C39=1,G39,Inputs!$B$7*F38) | I39: =H39/D39/3600 | J39: =(F39-G39)/(Inputs!$B$6*D39)/3600 | K39: =I39+J39 | L39: =L38+K39 | M39: =L39/(Inputs!$B$10*Inputs!$B$11) | N39: =(L39-K39)/(Inputs!$B$10*Inputs!$B$11)
A40: =Inputs!$C$27&" 1" | B40: 5 | C40: 1 | D40: =INDEX(Inputs!$F$23:$F$32,B40)*Inputs!$B$5^(C40-1)*INDEX(EXT_Budget!$K$4:$K$13,B40) | E40: =INDEX(Inputs!$E$23:$E$32,B40)*Inputs!$B$4^(C40-1) | F40: =IF(C40<9,Inputs!$B$8*E40,Inputs!$B$9*Inputs!$B$8*INDEX(Inputs!$E$23:$E$32,B40)*Inputs!$B$4^7) | G40: =IF(C40=1,F40/Inputs!$B$4,F39) | H40: =IF(C40=1,G40,Inputs!$B$7*F39) | I40: =H40/D40/3600 | J40: =(F40-G40)/(Inputs!$B$6*D40)/3600 | K40: =I40+J40 | L40: =L39+K40 | M40: =L40/(Inputs!$B$10*Inputs!$B$11) | N40: =(L40-K40)/(Inputs!$B$10*Inputs!$B$11)
A41: =Inputs!$C$27&" 2" | B41: 5 | C41: 2 | D41: =INDEX(Inputs!$F$23:$F$32,B41)*Inputs!$B$5^(C41-1)*INDEX(EXT_Budget!$K$4:$K$13,B41) | E41: =INDEX(Inputs!$E$23:$E$32,B41)*Inputs!$B$4^(C41-1) | F41: =IF(C41<9,Inputs!$B$8*E41,Inputs!$B$9*Inputs!$B$8*INDEX(Inputs!$E$23:$E$32,B41)*Inputs!$B$4^7) | G41: =IF(C41=1,F41/Inputs!$B$4,F40) | H41: =IF(C41=1,G41,Inputs!$B$7*F40) | I41: =H41/D41/3600 | J41: =(F41-G41)/(Inputs!$B$6*D41)/3600 | K41: =I41+J41 | L41: =L40+K41 | M41: =L41/(Inputs!$B$10*Inputs!$B$11) | N41: =(L41-K41)/(Inputs!$B$10*Inputs!$B$11)
A42: =Inputs!$C$27&" 3" | B42: 5 | C42: 3 | D42: =INDEX(Inputs!$F$23:$F$32,B42)*Inputs!$B$5^(C42-1)*INDEX(EXT_Budget!$K$4:$K$13,B42) | E42: =INDEX(Inputs!$E$23:$E$32,B42)*Inputs!$B$4^(C42-1) | F42: =IF(C42<9,Inputs!$B$8*E42,Inputs!$B$9*Inputs!$B$8*INDEX(Inputs!$E$23:$E$32,B42)*Inputs!$B$4^7) | G42: =IF(C42=1,F42/Inputs!$B$4,F41) | H42: =IF(C42=1,G42,Inputs!$B$7*F41) | I42: =H42/D42/3600 | J42: =(F42-G42)/(Inputs!$B$6*D42)/3600 | K42: =I42+J42 | L42: =L41+K42 | M42: =L42/(Inputs!$B$10*Inputs!$B$11) | N42: =(L42-K42)/(Inputs!$B$10*Inputs!$B$11)
A43: =Inputs!$C$27&" 4" | B43: 5 | C43: 4 | D43: =INDEX(Inputs!$F$23:$F$32,B43)*Inputs!$B$5^(C43-1)*INDEX(EXT_Budget!$K$4:$K$13,B43) | E43: =INDEX(Inputs!$E$23:$E$32,B43)*Inputs!$B$4^(C43-1) | F43: =IF(C43<9,Inputs!$B$8*E43,Inputs!$B$9*Inputs!$B$8*INDEX(Inputs!$E$23:$E$32,B43)*Inputs!$B$4^7) | G43: =IF(C43=1,F43/Inputs!$B$4,F42) | H43: =IF(C43=1,G43,Inputs!$B$7*F42) | I43: =H43/D43/3600 | J43: =(F43-G43)/(Inputs!$B$6*D43)/3600 | K43: =I43+J43 | L43: =L42+K43 | M43: =L43/(Inputs!$B$10*Inputs!$B$11) | N43: =(L43-K43)/(Inputs!$B$10*Inputs!$B$11)
A44: =Inputs!$C$27&" 5" | B44: 5 | C44: 5 | D44: =INDEX(Inputs!$F$23:$F$32,B44)*Inputs!$B$5^(C44-1)*INDEX(EXT_Budget!$K$4:$K$13,B44) | E44: =INDEX(Inputs!$E$23:$E$32,B44)*Inputs!$B$4^(C44-1) | F44: =IF(C44<9,Inputs!$B$8*E44,Inputs!$B$9*Inputs!$B$8*INDEX(Inputs!$E$23:$E$32,B44)*Inputs!$B$4^7) | G44: =IF(C44=1,F44/Inputs!$B$4,F43) | H44: =IF(C44=1,G44,Inputs!$B$7*F43) | I44: =H44/D44/3600 | J44: =(F44-G44)/(Inputs!$B$6*D44)/3600 | K44: =I44+J44 | L44: =L43+K44 | M44: =L44/(Inputs!$B$10*Inputs!$B$11) | N44: =(L44-K44)/(Inputs!$B$10*Inputs!$B$11)
A45: =Inputs!$C$27&" 6" | B45: 5 | C45: 6 | D45: =INDEX(Inputs!$F$23:$F$32,B45)*Inputs!$B$5^(C45-1)*INDEX(EXT_Budget!$K$4:$K$13,B45) | E45: =INDEX(Inputs!$E$23:$E$32,B45)*Inputs!$B$4^(C45-1) | F45: =IF(C45<9,Inputs!$B$8*E45,Inputs!$B$9*Inputs!$B$8*INDEX(Inputs!$E$23:$E$32,B45)*Inputs!$B$4^7) | G45: =IF(C45=1,F45/Inputs!$B$4,F44) | H45: =IF(C45=1,G45,Inputs!$B$7*F44) | I45: =H45/D45/3600 | J45: =(F45-G45)/(Inputs!$B$6*D45)/3600 | K45: =I45+J45 | L45: =L44+K45 | M45: =L45/(Inputs!$B$10*Inputs!$B$11) | N45: =(L45-K45)/(Inputs!$B$10*Inputs!$B$11)
A46: =Inputs!$C$27&" 7" | B46: 5 | C46: 7 | D46: =INDEX(Inputs!$F$23:$F$32,B46)*Inputs!$B$5^(C46-1)*INDEX(EXT_Budget!$K$4:$K$13,B46) | E46: =INDEX(Inputs!$E$23:$E$32,B46)*Inputs!$B$4^(C46-1) | F46: =IF(C46<9,Inputs!$B$8*E46,Inputs!$B$9*Inputs!$B$8*INDEX(Inputs!$E$23:$E$32,B46)*Inputs!$B$4^7) | G46: =IF(C46=1,F46/Inputs!$B$4,F45) | H46: =IF(C46=1,G46,Inputs!$B$7*F45) | I46: =H46/D46/3600 | J46: =(F46-G46)/(Inputs!$B$6*D46)/3600 | K46: =I46+J46 | L46: =L45+K46 | M46: =L46/(Inputs!$B$10*Inputs!$B$11) | N46: =(L46-K46)/(Inputs!$B$10*Inputs!$B$11)
A47: =Inputs!$C$27&" 8" | B47: 5 | C47: 8 | D47: =INDEX(Inputs!$F$23:$F$32,B47)*Inputs!$B$5^(C47-1)*INDEX(EXT_Budget!$K$4:$K$13,B47) | E47: =INDEX(Inputs!$E$23:$E$32,B47)*Inputs!$B$4^(C47-1) | F47: =IF(C47<9,Inputs!$B$8*E47,Inputs!$B$9*Inputs!$B$8*INDEX(Inputs!$E$23:$E$32,B47)*Inputs!$B$4^7) | G47: =IF(C47=1,F47/Inputs!$B$4,F46) | H47: =IF(C47=1,G47,Inputs!$B$7*F46) | I47: =H47/D47/3600 | J47: =(F47-G47)/(Inputs!$B$6*D47)/3600 | K47: =I47+J47 | L47: =L46+K47 | M47: =L47/(Inputs!$B$10*Inputs!$B$11) | N47: =(L47-K47)/(Inputs!$B$10*Inputs!$B$11)
A48: =Inputs!$C$27&" 9" | B48: 5 | C48: 9 | D48: =INDEX(Inputs!$F$23:$F$32,B48)*Inputs!$B$5^(C48-1)*INDEX(EXT_Budget!$K$4:$K$13,B48) | E48: =INDEX(Inputs!$E$23:$E$32,B48)*Inputs!$B$4^(C48-1) | F48: =IF(C48<9,Inputs!$B$8*E48,Inputs!$B$9*Inputs!$B$8*INDEX(Inputs!$E$23:$E$32,B48)*Inputs!$B$4^7) | G48: =IF(C48=1,F48/Inputs!$B$4,F47) | H48: =IF(C48=1,G48,Inputs!$B$7*F47) | I48: =H48/D48/3600 | J48: =(F48-G48)/(Inputs!$B$6*D48)/3600 | K48: =I48+J48 | L48: =L47+K48 | M48: =L48/(Inputs!$B$10*Inputs!$B$11) | N48: =(L48-K48)/(Inputs!$B$10*Inputs!$B$11)
A49: =Inputs!$C$28&" 1" | B49: 6 | C49: 1 | D49: =INDEX(Inputs!$F$23:$F$32,B49)*Inputs!$B$5^(C49-1)*INDEX(EXT_Budget!$K$4:$K$13,B49) | E49: =INDEX(Inputs!$E$23:$E$32,B49)*Inputs!$B$4^(C49-1) | F49: =IF(C49<9,Inputs!$B$8*E49,Inputs!$B$9*Inputs!$B$8*INDEX(Inputs!$E$23:$E$32,B49)*Inputs!$B$4^7) | G49: =IF(C49=1,F49/Inputs!$B$4,F48) | H49: =IF(C49=1,G49,Inputs!$B$7*F48) | I49: =H49/D49/3600 | J49: =(F49-G49)/(Inputs!$B$6*D49)/3600 | K49: =I49+J49 | L49: =L48+K49 | M49: =L49/(Inputs!$B$10*Inputs!$B$11) | N49: =(L49-K49)/(Inputs!$B$10*Inputs!$B$11)
A50: =Inputs!$C$28&" 2" | B50: 6 | C50: 2 | D50: =INDEX(Inputs!$F$23:$F$32,B50)*Inputs!$B$5^(C50-1)*INDEX(EXT_Budget!$K$4:$K$13,B50) | E50: =INDEX(Inputs!$E$23:$E$32,B50)*Inputs!$B$4^(C50-1) | F50: =IF(C50<9,Inputs!$B$8*E50,Inputs!$B$9*Inputs!$B$8*INDEX(Inputs!$E$23:$E$32,B50)*Inputs!$B$4^7) | G50: =IF(C50=1,F50/Inputs!$B$4,F49) | H50: =IF(C50=1,G50,Inputs!$B$7*F49) | I50: =H50/D50/3600 | J50: =(F50-G50)/(Inputs!$B$6*D50)/3600 | K50: =I50+J50 | L50: =L49+K50 | M50: =L50/(Inputs!$B$10*Inputs!$B$11) | N50: =(L50-K50)/(Inputs!$B$10*Inputs!$B$11)
A51: =Inputs!$C$28&" 3" | B51: 6 | C51: 3 | D51: =INDEX(Inputs!$F$23:$F$32,B51)*Inputs!$B$5^(C51-1)*INDEX(EXT_Budget!$K$4:$K$13,B51) | E51: =INDEX(Inputs!$E$23:$E$32,B51)*Inputs!$B$4^(C51-1) | F51: =IF(C51<9,Inputs!$B$8*E51,Inputs!$B$9*Inputs!$B$8*INDEX(Inputs!$E$23:$E$32,B51)*Inputs!$B$4^7) | G51: =IF(C51=1,F51/Inputs!$B$4,F50) | H51: =IF(C51=1,G51,Inputs!$B$7*F50) | I51: =H51/D51/3600 | J51: =(F51-G51)/(Inputs!$B$6*D51)/3600 | K51: =I51+J51 | L51: =L50+K51 | M51: =L51/(Inputs!$B$10*Inputs!$B$11) | N51: =(L51-K51)/(Inputs!$B$10*Inputs!$B$11)
A52: =Inputs!$C$28&" 4" | B52: 6 | C52: 4 | D52: =INDEX(Inputs!$F$23:$F$32,B52)*Inputs!$B$5^(C52-1)*INDEX(EXT_Budget!$K$4:$K$13,B52) | E52: =INDEX(Inputs!$E$23:$E$32,B52)*Inputs!$B$4^(C52-1) | F52: =IF(C52<9,Inputs!$B$8*E52,Inputs!$B$9*Inputs!$B$8*INDEX(Inputs!$E$23:$E$32,B52)*Inputs!$B$4^7) | G52: =IF(C52=1,F52/Inputs!$B$4,F51) | H52: =IF(C52=1,G52,Inputs!$B$7*F51) | I52: =H52/D52/3600 | J52: =(F52-G52)/(Inputs!$B$6*D52)/3600 | K52: =I52+J52 | L52: =L51+K52 | M52: =L52/(Inputs!$B$10*Inputs!$B$11) | N52: =(L52-K52)/(Inputs!$B$10*Inputs!$B$11)
A53: =Inputs!$C$28&" 5" | B53: 6 | C53: 5 | D53: =INDEX(Inputs!$F$23:$F$32,B53)*Inputs!$B$5^(C53-1)*INDEX(EXT_Budget!$K$4:$K$13,B53) | E53: =INDEX(Inputs!$E$23:$E$32,B53)*Inputs!$B$4^(C53-1) | F53: =IF(C53<9,Inputs!$B$8*E53,Inputs!$B$9*Inputs!$B$8*INDEX(Inputs!$E$23:$E$32,B53)*Inputs!$B$4^7) | G53: =IF(C53=1,F53/Inputs!$B$4,F52) | H53: =IF(C53=1,G53,Inputs!$B$7*F52) | I53: =H53/D53/3600 | J53: =(F53-G53)/(Inputs!$B$6*D53)/3600 | K53: =I53+J53 | L53: =L52+K53 | M53: =L53/(Inputs!$B$10*Inputs!$B$11) | N53: =(L53-K53)/(Inputs!$B$10*Inputs!$B$11)
A54: =Inputs!$C$28&" 6" | B54: 6 | C54: 6 | D54: =INDEX(Inputs!$F$23:$F$32,B54)*Inputs!$B$5^(C54-1)*INDEX(EXT_Budget!$K$4:$K$13,B54) | E54: =INDEX(Inputs!$E$23:$E$32,B54)*Inputs!$B$4^(C54-1) | F54: =IF(C54<9,Inputs!$B$8*E54,Inputs!$B$9*Inputs!$B$8*INDEX(Inputs!$E$23:$E$32,B54)*Inputs!$B$4^7) | G54: =IF(C54=1,F54/Inputs!$B$4,F53) | H54: =IF(C54=1,G54,Inputs!$B$7*F53) | I54: =H54/D54/3600 | J54: =(F54-G54)/(Inputs!$B$6*D54)/3600 | K54: =I54+J54 | L54: =L53+K54 | M54: =L54/(Inputs!$B$10*Inputs!$B$11) | N54: =(L54-K54)/(Inputs!$B$10*Inputs!$B$11)
A55: =Inputs!$C$28&" 7" | B55: 6 | C55: 7 | D55: =INDEX(Inputs!$F$23:$F$32,B55)*Inputs!$B$5^(C55-1)*INDEX(EXT_Budget!$K$4:$K$13,B55) | E55: =INDEX(Inputs!$E$23:$E$32,B55)*Inputs!$B$4^(C55-1) | F55: =IF(C55<9,Inputs!$B$8*E55,Inputs!$B$9*Inputs!$B$8*INDEX(Inputs!$E$23:$E$32,B55)*Inputs!$B$4^7) | G55: =IF(C55=1,F55/Inputs!$B$4,F54) | H55: =IF(C55=1,G55,Inputs!$B$7*F54) | I55: =H55/D55/3600 | J55: =(F55-G55)/(Inputs!$B$6*D55)/3600 | K55: =I55+J55 | L55: =L54+K55 | M55: =L55/(Inputs!$B$10*Inputs!$B$11) | N55: =(L55-K55)/(Inputs!$B$10*Inputs!$B$11)
A56: =Inputs!$C$28&" 8" | B56: 6 | C56: 8 | D56: =INDEX(Inputs!$F$23:$F$32,B56)*Inputs!$B$5^(C56-1)*INDEX(EXT_Budget!$K$4:$K$13,B56) | E56: =INDEX(Inputs!$E$23:$E$32,B56)*Inputs!$B$4^(C56-1) | F56: =IF(C56<9,Inputs!$B$8*E56,Inputs!$B$9*Inputs!$B$8*INDEX(Inputs!$E$23:$E$32,B56)*Inputs!$B$4^7) | G56: =IF(C56=1,F56/Inputs!$B$4,F55) | H56: =IF(C56=1,G56,Inputs!$B$7*F55) | I56: =H56/D56/3600 | J56: =(F56-G56)/(Inputs!$B$6*D56)/3600 | K56: =I56+J56 | L56: =L55+K56 | M56: =L56/(Inputs!$B$10*Inputs!$B$11) | N56: =(L56-K56)/(Inputs!$B$10*Inputs!$B$11)
A57: =Inputs!$C$28&" 9" | B57: 6 | C57: 9 | D57: =INDEX(Inputs!$F$23:$F$32,B57)*Inputs!$B$5^(C57-1)*INDEX(EXT_Budget!$K$4:$K$13,B57) | E57: =INDEX(Inputs!$E$23:$E$32,B57)*Inputs!$B$4^(C57-1) | F57: =IF(C57<9,Inputs!$B$8*E57,Inputs!$B$9*Inputs!$B$8*INDEX(Inputs!$E$23:$E$32,B57)*Inputs!$B$4^7) | G57: =IF(C57=1,F57/Inputs!$B$4,F56) | H57: =IF(C57=1,G57,Inputs!$B$7*F56) | I57: =H57/D57/3600 | J57: =(F57-G57)/(Inputs!$B$6*D57)/3600 | K57: =I57+J57 | L57: =L56+K57 | M57: =L57/(Inputs!$B$10*Inputs!$B$11) | N57: =(L57-K57)/(Inputs!$B$10*Inputs!$B$11)
A58: =Inputs!$C$29&" 1" | B58: 7 | C58: 1 | D58: =INDEX(Inputs!$F$23:$F$32,B58)*Inputs!$B$5^(C58-1)*INDEX(EXT_Budget!$K$4:$K$13,B58) | E58: =INDEX(Inputs!$E$23:$E$32,B58)*Inputs!$B$4^(C58-1) | F58: =IF(C58<9,Inputs!$B$8*E58,Inputs!$B$9*Inputs!$B$8*INDEX(Inputs!$E$23:$E$32,B58)*Inputs!$B$4^7) | G58: =IF(C58=1,F58/Inputs!$B$4,F57) | H58: =IF(C58=1,G58,Inputs!$B$7*F57) | I58: =H58/D58/3600 | J58: =(F58-G58)/(Inputs!$B$6*D58)/3600 | K58: =I58+J58 | L58: =L57+K58 | M58: =L58/(Inputs!$B$10*Inputs!$B$11) | N58: =(L58-K58)/(Inputs!$B$10*Inputs!$B$11)
A59: =Inputs!$C$29&" 2" | B59: 7 | C59: 2 | D59: =INDEX(Inputs!$F$23:$F$32,B59)*Inputs!$B$5^(C59-1)*INDEX(EXT_Budget!$K$4:$K$13,B59) | E59: =INDEX(Inputs!$E$23:$E$32,B59)*Inputs!$B$4^(C59-1) | F59: =IF(C59<9,Inputs!$B$8*E59,Inputs!$B$9*Inputs!$B$8*INDEX(Inputs!$E$23:$E$32,B59)*Inputs!$B$4^7) | G59: =IF(C59=1,F59/Inputs!$B$4,F58) | H59: =IF(C59=1,G59,Inputs!$B$7*F58) | I59: =H59/D59/3600 | J59: =(F59-G59)/(Inputs!$B$6*D59)/3600 | K59: =I59+J59 | L59: =L58+K59 | M59: =L59/(Inputs!$B$10*Inputs!$B$11) | N59: =(L59-K59)/(Inputs!$B$10*Inputs!$B$11)
A60: =Inputs!$C$29&" 3" | B60: 7 | C60: 3 | D60: =INDEX(Inputs!$F$23:$F$32,B60)*Inputs!$B$5^(C60-1)*INDEX(EXT_Budget!$K$4:$K$13,B60) | E60: =INDEX(Inputs!$E$23:$E$32,B60)*Inputs!$B$4^(C60-1) | F60: =IF(C60<9,Inputs!$B$8*E60,Inputs!$B$9*Inputs!$B$8*INDEX(Inputs!$E$23:$E$32,B60)*Inputs!$B$4^7) | G60: =IF(C60=1,F60/Inputs!$B$4,F59) | H60: =IF(C60=1,G60,Inputs!$B$7*F59) | I60: =H60/D60/3600 | J60: =(F60-G60)/(Inputs!$B$6*D60)/3600 | K60: =I60+J60 | L60: =L59+K60 | M60: =L60/(Inputs!$B$10*Inputs!$B$11) | N60: =(L60-K60)/(Inputs!$B$10*Inputs!$B$11)
A61: =Inputs!$C$29&" 4" | B61: 7 | C61: 4 | D61: =INDEX(Inputs!$F$23:$F$32,B61)*Inputs!$B$5^(C61-1)*INDEX(EXT_Budget!$K$4:$K$13,B61) | E61: =INDEX(Inputs!$E$23:$E$32,B61)*Inputs!$B$4^(C61-1) | F61: =IF(C61<9,Inputs!$B$8*E61,Inputs!$B$9*Inputs!$B$8*INDEX(Inputs!$E$23:$E$32,B61)*Inputs!$B$4^7) | G61: =IF(C61=1,F61/Inputs!$B$4,F60) | H61: =IF(C61=1,G61,Inputs!$B$7*F60) | I61: =H61/D61/3600 | J61: =(F61-G61)/(Inputs!$B$6*D61)/3600 | K61: =I61+J61 | L61: =L60+K61 | M61: =L61/(Inputs!$B$10*Inputs!$B$11) | N61: =(L61-K61)/(Inputs!$B$10*Inputs!$B$11)
A62: =Inputs!$C$29&" 5" | B62: 7 | C62: 5 | D62: =INDEX(Inputs!$F$23:$F$32,B62)*Inputs!$B$5^(C62-1)*INDEX(EXT_Budget!$K$4:$K$13,B62) | E62: =INDEX(Inputs!$E$23:$E$32,B62)*Inputs!$B$4^(C62-1) | F62: =IF(C62<9,Inputs!$B$8*E62,Inputs!$B$9*Inputs!$B$8*INDEX(Inputs!$E$23:$E$32,B62)*Inputs!$B$4^7) | G62: =IF(C62=1,F62/Inputs!$B$4,F61) | H62: =IF(C62=1,G62,Inputs!$B$7*F61) | I62: =H62/D62/3600 | J62: =(F62-G62)/(Inputs!$B$6*D62)/3600 | K62: =I62+J62 | L62: =L61+K62 | M62: =L62/(Inputs!$B$10*Inputs!$B$11) | N62: =(L62-K62)/(Inputs!$B$10*Inputs!$B$11)
A63: =Inputs!$C$29&" 6" | B63: 7 | C63: 6 | D63: =INDEX(Inputs!$F$23:$F$32,B63)*Inputs!$B$5^(C63-1)*INDEX(EXT_Budget!$K$4:$K$13,B63) | E63: =INDEX(Inputs!$E$23:$E$32,B63)*Inputs!$B$4^(C63-1) | F63: =IF(C63<9,Inputs!$B$8*E63,Inputs!$B$9*Inputs!$B$8*INDEX(Inputs!$E$23:$E$32,B63)*Inputs!$B$4^7) | G63: =IF(C63=1,F63/Inputs!$B$4,F62) | H63: =IF(C63=1,G63,Inputs!$B$7*F62) | I63: =H63/D63/3600 | J63: =(F63-G63)/(Inputs!$B$6*D63)/3600 | K63: =I63+J63 | L63: =L62+K63 | M63: =L63/(Inputs!$B$10*Inputs!$B$11) | N63: =(L63-K63)/(Inputs!$B$10*Inputs!$B$11)
A64: =Inputs!$C$29&" 7" | B64: 7 | C64: 7 | D64: =INDEX(Inputs!$F$23:$F$32,B64)*Inputs!$B$5^(C64-1)*INDEX(EXT_Budget!$K$4:$K$13,B64) | E64: =INDEX(Inputs!$E$23:$E$32,B64)*Inputs!$B$4^(C64-1) | F64: =IF(C64<9,Inputs!$B$8*E64,Inputs!$B$9*Inputs!$B$8*INDEX(Inputs!$E$23:$E$32,B64)*Inputs!$B$4^7) | G64: =IF(C64=1,F64/Inputs!$B$4,F63) | H64: =IF(C64=1,G64,Inputs!$B$7*F63) | I64: =H64/D64/3600 | J64: =(F64-G64)/(Inputs!$B$6*D64)/3600 | K64: =I64+J64 | L64: =L63+K64 | M64: =L64/(Inputs!$B$10*Inputs!$B$11) | N64: =(L64-K64)/(Inputs!$B$10*Inputs!$B$11)
A65: =Inputs!$C$29&" 8" | B65: 7 | C65: 8 | D65: =INDEX(Inputs!$F$23:$F$32,B65)*Inputs!$B$5^(C65-1)*INDEX(EXT_Budget!$K$4:$K$13,B65) | E65: =INDEX(Inputs!$E$23:$E$32,B65)*Inputs!$B$4^(C65-1) | F65: =IF(C65<9,Inputs!$B$8*E65,Inputs!$B$9*Inputs!$B$8*INDEX(Inputs!$E$23:$E$32,B65)*Inputs!$B$4^7) | G65: =IF(C65=1,F65/Inputs!$B$4,F64) | H65: =IF(C65=1,G65,Inputs!$B$7*F64) | I65: =H65/D65/3600 | J65: =(F65-G65)/(Inputs!$B$6*D65)/3600 | K65: =I65+J65 | L65: =L64+K65 | M65: =L65/(Inputs!$B$10*Inputs!$B$11) | N65: =(L65-K65)/(Inputs!$B$10*Inputs!$B$11)
A66: =Inputs!$C$29&" 9" | B66: 7 | C66: 9 | D66: =INDEX(Inputs!$F$23:$F$32,B66)*Inputs!$B$5^(C66-1)*INDEX(EXT_Budget!$K$4:$K$13,B66) | E66: =INDEX(Inputs!$E$23:$E$32,B66)*Inputs!$B$4^(C66-1) | F66: =IF(C66<9,Inputs!$B$8*E66,Inputs!$B$9*Inputs!$B$8*INDEX(Inputs!$E$23:$E$32,B66)*Inputs!$B$4^7) | G66: =IF(C66=1,F66/Inputs!$B$4,F65) | H66: =IF(C66=1,G66,Inputs!$B$7*F65) | I66: =H66/D66/3600 | J66: =(F66-G66)/(Inputs!$B$6*D66)/3600 | K66: =I66+J66 | L66: =L65+K66 | M66: =L66/(Inputs!$B$10*Inputs!$B$11) | N66: =(L66-K66)/(Inputs!$B$10*Inputs!$B$11)
A67: =Inputs!$C$30&" 1" | B67: 8 | C67: 1 | D67: =INDEX(Inputs!$F$23:$F$32,B67)*Inputs!$B$5^(C67-1)*INDEX(EXT_Budget!$K$4:$K$13,B67) | E67: =INDEX(Inputs!$E$23:$E$32,B67)*Inputs!$B$4^(C67-1) | F67: =IF(C67<9,Inputs!$B$8*E67,Inputs!$B$9*Inputs!$B$8*INDEX(Inputs!$E$23:$E$32,B67)*Inputs!$B$4^7) | G67: =IF(C67=1,F67/Inputs!$B$4,F66) | H67: =IF(C67=1,G67,Inputs!$B$7*F66) | I67: =H67/D67/3600 | J67: =(F67-G67)/(Inputs!$B$6*D67)/3600 | K67: =I67+J67 | L67: =L66+K67 | M67: =L67/(Inputs!$B$10*Inputs!$B$11) | N67: =(L67-K67)/(Inputs!$B$10*Inputs!$B$11)
A68: =Inputs!$C$30&" 2" | B68: 8 | C68: 2 | D68: =INDEX(Inputs!$F$23:$F$32,B68)*Inputs!$B$5^(C68-1)*INDEX(EXT_Budget!$K$4:$K$13,B68) | E68: =INDEX(Inputs!$E$23:$E$32,B68)*Inputs!$B$4^(C68-1) | F68: =IF(C68<9,Inputs!$B$8*E68,Inputs!$B$9*Inputs!$B$8*INDEX(Inputs!$E$23:$E$32,B68)*Inputs!$B$4^7) | G68: =IF(C68=1,F68/Inputs!$B$4,F67) | H68: =IF(C68=1,G68,Inputs!$B$7*F67) | I68: =H68/D68/3600 | J68: =(F68-G68)/(Inputs!$B$6*D68)/3600 | K68: =I68+J68 | L68: =L67+K68 | M68: =L68/(Inputs!$B$10*Inputs!$B$11) | N68: =(L68-K68)/(Inputs!$B$10*Inputs!$B$11)
A69: =Inputs!$C$30&" 3" | B69: 8 | C69: 3 | D69: =INDEX(Inputs!$F$23:$F$32,B69)*Inputs!$B$5^(C69-1)*INDEX(EXT_Budget!$K$4:$K$13,B69) | E69: =INDEX(Inputs!$E$23:$E$32,B69)*Inputs!$B$4^(C69-1) | F69: =IF(C69<9,Inputs!$B$8*E69,Inputs!$B$9*Inputs!$B$8*INDEX(Inputs!$E$23:$E$32,B69)*Inputs!$B$4^7) | G69: =IF(C69=1,F69/Inputs!$B$4,F68) | H69: =IF(C69=1,G69,Inputs!$B$7*F68) | I69: =H69/D69/3600 | J69: =(F69-G69)/(Inputs!$B$6*D69)/3600 | K69: =I69+J69 | L69: =L68+K69 | M69: =L69/(Inputs!$B$10*Inputs!$B$11) | N69: =(L69-K69)/(Inputs!$B$10*Inputs!$B$11)
A70: =Inputs!$C$30&" 4" | B70: 8 | C70: 4 | D70: =INDEX(Inputs!$F$23:$F$32,B70)*Inputs!$B$5^(C70-1)*INDEX(EXT_Budget!$K$4:$K$13,B70) | E70: =INDEX(Inputs!$E$23:$E$32,B70)*Inputs!$B$4^(C70-1) | F70: =IF(C70<9,Inputs!$B$8*E70,Inputs!$B$9*Inputs!$B$8*INDEX(Inputs!$E$23:$E$32,B70)*Inputs!$B$4^7) | G70: =IF(C70=1,F70/Inputs!$B$4,F69) | H70: =IF(C70=1,G70,Inputs!$B$7*F69) | I70: =H70/D70/3600 | J70: =(F70-G70)/(Inputs!$B$6*D70)/3600 | K70: =I70+J70 | L70: =L69+K70 | M70: =L70/(Inputs!$B$10*Inputs!$B$11) | N70: =(L70-K70)/(Inputs!$B$10*Inputs!$B$11)
A71: =Inputs!$C$30&" 5" | B71: 8 | C71: 5 | D71: =INDEX(Inputs!$F$23:$F$32,B71)*Inputs!$B$5^(C71-1)*INDEX(EXT_Budget!$K$4:$K$13,B71) | E71: =INDEX(Inputs!$E$23:$E$32,B71)*Inputs!$B$4^(C71-1) | F71: =IF(C71<9,Inputs!$B$8*E71,Inputs!$B$9*Inputs!$B$8*INDEX(Inputs!$E$23:$E$32,B71)*Inputs!$B$4^7) | G71: =IF(C71=1,F71/Inputs!$B$4,F70) | H71: =IF(C71=1,G71,Inputs!$B$7*F70) | I71: =H71/D71/3600 | J71: =(F71-G71)/(Inputs!$B$6*D71)/3600 | K71: =I71+J71 | L71: =L70+K71 | M71: =L71/(Inputs!$B$10*Inputs!$B$11) | N71: =(L71-K71)/(Inputs!$B$10*Inputs!$B$11)
A72: =Inputs!$C$30&" 6" | B72: 8 | C72: 6 | D72: =INDEX(Inputs!$F$23:$F$32,B72)*Inputs!$B$5^(C72-1)*INDEX(EXT_Budget!$K$4:$K$13,B72) | E72: =INDEX(Inputs!$E$23:$E$32,B72)*Inputs!$B$4^(C72-1) | F72: =IF(C72<9,Inputs!$B$8*E72,Inputs!$B$9*Inputs!$B$8*INDEX(Inputs!$E$23:$E$32,B72)*Inputs!$B$4^7) | G72: =IF(C72=1,F72/Inputs!$B$4,F71) | H72: =IF(C72=1,G72,Inputs!$B$7*F71) | I72: =H72/D72/3600 | J72: =(F72-G72)/(Inputs!$B$6*D72)/3600 | K72: =I72+J72 | L72: =L71+K72 | M72: =L72/(Inputs!$B$10*Inputs!$B$11) | N72: =(L72-K72)/(Inputs!$B$10*Inputs!$B$11)
A73: =Inputs!$C$30&" 7" | B73: 8 | C73: 7 | D73: =INDEX(Inputs!$F$23:$F$32,B73)*Inputs!$B$5^(C73-1)*INDEX(EXT_Budget!$K$4:$K$13,B73) | E73: =INDEX(Inputs!$E$23:$E$32,B73)*Inputs!$B$4^(C73-1) | F73: =IF(C73<9,Inputs!$B$8*E73,Inputs!$B$9*Inputs!$B$8*INDEX(Inputs!$E$23:$E$32,B73)*Inputs!$B$4^7) | G73: =IF(C73=1,F73/Inputs!$B$4,F72) | H73: =IF(C73=1,G73,Inputs!$B$7*F72) | I73: =H73/D73/3600 | J73: =(F73-G73)/(Inputs!$B$6*D73)/3600 | K73: =I73+J73 | L73: =L72+K73 | M73: =L73/(Inputs!$B$10*Inputs!$B$11) | N73: =(L73-K73)/(Inputs!$B$10*Inputs!$B$11)
A74: =Inputs!$C$30&" 8" | B74: 8 | C74: 8 | D74: =INDEX(Inputs!$F$23:$F$32,B74)*Inputs!$B$5^(C74-1)*INDEX(EXT_Budget!$K$4:$K$13,B74) | E74: =INDEX(Inputs!$E$23:$E$32,B74)*Inputs!$B$4^(C74-1) | F74: =IF(C74<9,Inputs!$B$8*E74,Inputs!$B$9*Inputs!$B$8*INDEX(Inputs!$E$23:$E$32,B74)*Inputs!$B$4^7) | G74: =IF(C74=1,F74/Inputs!$B$4,F73) | H74: =IF(C74=1,G74,Inputs!$B$7*F73) | I74: =H74/D74/3600 | J74: =(F74-G74)/(Inputs!$B$6*D74)/3600 | K74: =I74+J74 | L74: =L73+K74 | M74: =L74/(Inputs!$B$10*Inputs!$B$11) | N74: =(L74-K74)/(Inputs!$B$10*Inputs!$B$11)
A75: =Inputs!$C$30&" 9" | B75: 8 | C75: 9 | D75: =INDEX(Inputs!$F$23:$F$32,B75)*Inputs!$B$5^(C75-1)*INDEX(EXT_Budget!$K$4:$K$13,B75) | E75: =INDEX(Inputs!$E$23:$E$32,B75)*Inputs!$B$4^(C75-1) | F75: =IF(C75<9,Inputs!$B$8*E75,Inputs!$B$9*Inputs!$B$8*INDEX(Inputs!$E$23:$E$32,B75)*Inputs!$B$4^7) | G75: =IF(C75=1,F75/Inputs!$B$4,F74) | H75: =IF(C75=1,G75,Inputs!$B$7*F74) | I75: =H75/D75/3600 | J75: =(F75-G75)/(Inputs!$B$6*D75)/3600 | K75: =I75+J75 | L75: =L74+K75 | M75: =L75/(Inputs!$B$10*Inputs!$B$11) | N75: =(L75-K75)/(Inputs!$B$10*Inputs!$B$11)
A76: =Inputs!$C$31&" 1" | B76: 9 | C76: 1 | D76: =INDEX(Inputs!$F$23:$F$32,B76)*Inputs!$B$5^(C76-1)*INDEX(EXT_Budget!$K$4:$K$13,B76) | E76: =INDEX(Inputs!$E$23:$E$32,B76)*Inputs!$B$4^(C76-1) | F76: =IF(C76<9,Inputs!$B$8*E76,Inputs!$B$9*Inputs!$B$8*INDEX(Inputs!$E$23:$E$32,B76)*Inputs!$B$4^7) | G76: =IF(C76=1,F76/Inputs!$B$4,F75) | H76: =IF(C76=1,G76,Inputs!$B$7*F75) | I76: =H76/D76/3600 | J76: =(F76-G76)/(Inputs!$B$6*D76)/3600 | K76: =I76+J76 | L76: =L75+K76 | M76: =L76/(Inputs!$B$10*Inputs!$B$11) | N76: =(L76-K76)/(Inputs!$B$10*Inputs!$B$11)
A77: =Inputs!$C$31&" 2" | B77: 9 | C77: 2 | D77: =INDEX(Inputs!$F$23:$F$32,B77)*Inputs!$B$5^(C77-1)*INDEX(EXT_Budget!$K$4:$K$13,B77) | E77: =INDEX(Inputs!$E$23:$E$32,B77)*Inputs!$B$4^(C77-1) | F77: =IF(C77<9,Inputs!$B$8*E77,Inputs!$B$9*Inputs!$B$8*INDEX(Inputs!$E$23:$E$32,B77)*Inputs!$B$4^7) | G77: =IF(C77=1,F77/Inputs!$B$4,F76) | H77: =IF(C77=1,G77,Inputs!$B$7*F76) | I77: =H77/D77/3600 | J77: =(F77-G77)/(Inputs!$B$6*D77)/3600 | K77: =I77+J77 | L77: =L76+K77 | M77: =L77/(Inputs!$B$10*Inputs!$B$11) | N77: =(L77-K77)/(Inputs!$B$10*Inputs!$B$11)
A78: =Inputs!$C$31&" 3" | B78: 9 | C78: 3 | D78: =INDEX(Inputs!$F$23:$F$32,B78)*Inputs!$B$5^(C78-1)*INDEX(EXT_Budget!$K$4:$K$13,B78) | E78: =INDEX(Inputs!$E$23:$E$32,B78)*Inputs!$B$4^(C78-1) | F78: =IF(C78<9,Inputs!$B$8*E78,Inputs!$B$9*Inputs!$B$8*INDEX(Inputs!$E$23:$E$32,B78)*Inputs!$B$4^7) | G78: =IF(C78=1,F78/Inputs!$B$4,F77) | H78: =IF(C78=1,G78,Inputs!$B$7*F77) | I78: =H78/D78/3600 | J78: =(F78-G78)/(Inputs!$B$6*D78)/3600 | K78: =I78+J78 | L78: =L77+K78 | M78: =L78/(Inputs!$B$10*Inputs!$B$11) | N78: =(L78-K78)/(Inputs!$B$10*Inputs!$B$11)
A79: =Inputs!$C$31&" 4" | B79: 9 | C79: 4 | D79: =INDEX(Inputs!$F$23:$F$32,B79)*Inputs!$B$5^(C79-1)*INDEX(EXT_Budget!$K$4:$K$13,B79) | E79: =INDEX(Inputs!$E$23:$E$32,B79)*Inputs!$B$4^(C79-1) | F79: =IF(C79<9,Inputs!$B$8*E79,Inputs!$B$9*Inputs!$B$8*INDEX(Inputs!$E$23:$E$32,B79)*Inputs!$B$4^7) | G79: =IF(C79=1,F79/Inputs!$B$4,F78) | H79: =IF(C79=1,G79,Inputs!$B$7*F78) | I79: =H79/D79/3600 | J79: =(F79-G79)/(Inputs!$B$6*D79)/3600 | K79: =I79+J79 | L79: =L78+K79 | M79: =L79/(Inputs!$B$10*Inputs!$B$11) | N79: =(L79-K79)/(Inputs!$B$10*Inputs!$B$11)
A80: =Inputs!$C$31&" 5" | B80: 9 | C80: 5 | D80: =INDEX(Inputs!$F$23:$F$32,B80)*Inputs!$B$5^(C80-1)*INDEX(EXT_Budget!$K$4:$K$13,B80) | E80: =INDEX(Inputs!$E$23:$E$32,B80)*Inputs!$B$4^(C80-1) | F80: =IF(C80<9,Inputs!$B$8*E80,Inputs!$B$9*Inputs!$B$8*INDEX(Inputs!$E$23:$E$32,B80)*Inputs!$B$4^7) | G80: =IF(C80=1,F80/Inputs!$B$4,F79) | H80: =IF(C80=1,G80,Inputs!$B$7*F79) | I80: =H80/D80/3600 | J80: =(F80-G80)/(Inputs!$B$6*D80)/3600 | K80: =I80+J80 | L80: =L79+K80 | M80: =L80/(Inputs!$B$10*Inputs!$B$11) | N80: =(L80-K80)/(Inputs!$B$10*Inputs!$B$11)
A81: =Inputs!$C$31&" 6" | B81: 9 | C81: 6 | D81: =INDEX(Inputs!$F$23:$F$32,B81)*Inputs!$B$5^(C81-1)*INDEX(EXT_Budget!$K$4:$K$13,B81) | E81: =INDEX(Inputs!$E$23:$E$32,B81)*Inputs!$B$4^(C81-1) | F81: =IF(C81<9,Inputs!$B$8*E81,Inputs!$B$9*Inputs!$B$8*INDEX(Inputs!$E$23:$E$32,B81)*Inputs!$B$4^7) | G81: =IF(C81=1,F81/Inputs!$B$4,F80) | H81: =IF(C81=1,G81,Inputs!$B$7*F80) | I81: =H81/D81/3600 | J81: =(F81-G81)/(Inputs!$B$6*D81)/3600 | K81: =I81+J81 | L81: =L80+K81 | M81: =L81/(Inputs!$B$10*Inputs!$B$11) | N81: =(L81-K81)/(Inputs!$B$10*Inputs!$B$11)
A82: =Inputs!$C$31&" 7" | B82: 9 | C82: 7 | D82: =INDEX(Inputs!$F$23:$F$32,B82)*Inputs!$B$5^(C82-1)*INDEX(EXT_Budget!$K$4:$K$13,B82) | E82: =INDEX(Inputs!$E$23:$E$32,B82)*Inputs!$B$4^(C82-1) | F82: =IF(C82<9,Inputs!$B$8*E82,Inputs!$B$9*Inputs!$B$8*INDEX(Inputs!$E$23:$E$32,B82)*Inputs!$B$4^7) | G82: =IF(C82=1,F82/Inputs!$B$4,F81) | H82: =IF(C82=1,G82,Inputs!$B$7*F81) | I82: =H82/D82/3600 | J82: =(F82-G82)/(Inputs!$B$6*D82)/3600 | K82: =I82+J82 | L82: =L81+K82 | M82: =L82/(Inputs!$B$10*Inputs!$B$11) | N82: =(L82-K82)/(Inputs!$B$10*Inputs!$B$11)
A83: =Inputs!$C$31&" 8" | B83: 9 | C83: 8 | D83: =INDEX(Inputs!$F$23:$F$32,B83)*Inputs!$B$5^(C83-1)*INDEX(EXT_Budget!$K$4:$K$13,B83) | E83: =INDEX(Inputs!$E$23:$E$32,B83)*Inputs!$B$4^(C83-1) | F83: =IF(C83<9,Inputs!$B$8*E83,Inputs!$B$9*Inputs!$B$8*INDEX(Inputs!$E$23:$E$32,B83)*Inputs!$B$4^7) | G83: =IF(C83=1,F83/Inputs!$B$4,F82) | H83: =IF(C83=1,G83,Inputs!$B$7*F82) | I83: =H83/D83/3600 | J83: =(F83-G83)/(Inputs!$B$6*D83)/3600 | K83: =I83+J83 | L83: =L82+K83 | M83: =L83/(Inputs!$B$10*Inputs!$B$11) | N83: =(L83-K83)/(Inputs!$B$10*Inputs!$B$11)
A84: =Inputs!$C$31&" 9" | B84: 9 | C84: 9 | D84: =INDEX(Inputs!$F$23:$F$32,B84)*Inputs!$B$5^(C84-1)*INDEX(EXT_Budget!$K$4:$K$13,B84) | E84: =INDEX(Inputs!$E$23:$E$32,B84)*Inputs!$B$4^(C84-1) | F84: =IF(C84<9,Inputs!$B$8*E84,Inputs!$B$9*Inputs!$B$8*INDEX(Inputs!$E$23:$E$32,B84)*Inputs!$B$4^7) | G84: =IF(C84=1,F84/Inputs!$B$4,F83) | H84: =IF(C84=1,G84,Inputs!$B$7*F83) | I84: =H84/D84/3600 | J84: =(F84-G84)/(Inputs!$B$6*D84)/3600 | K84: =I84+J84 | L84: =L83+K84 | M84: =L84/(Inputs!$B$10*Inputs!$B$11) | N84: =(L84-K84)/(Inputs!$B$10*Inputs!$B$11)
A85: =Inputs!$C$32&" 1" | B85: 10 | C85: 1 | D85: =INDEX(Inputs!$F$23:$F$32,B85)*Inputs!$B$5^(C85-1)*INDEX(EXT_Budget!$K$4:$K$13,B85) | E85: =INDEX(Inputs!$E$23:$E$32,B85)*Inputs!$B$4^(C85-1) | F85: =IF(C85<9,Inputs!$B$8*E85,Inputs!$B$9*Inputs!$B$8*INDEX(Inputs!$E$23:$E$32,B85)*Inputs!$B$4^7) | G85: =IF(C85=1,F85/Inputs!$B$4,F84) | H85: =IF(C85=1,G85,Inputs!$B$7*F84) | I85: =H85/D85/3600 | J85: =(F85-G85)/(Inputs!$B$6*D85)/3600 | K85: =I85+J85 | L85: =L84+K85 | M85: =L85/(Inputs!$B$10*Inputs!$B$11) | N85: =(L85-K85)/(Inputs!$B$10*Inputs!$B$11)
A86: =Inputs!$C$32&" 2" | B86: 10 | C86: 2 | D86: =INDEX(Inputs!$F$23:$F$32,B86)*Inputs!$B$5^(C86-1)*INDEX(EXT_Budget!$K$4:$K$13,B86) | E86: =INDEX(Inputs!$E$23:$E$32,B86)*Inputs!$B$4^(C86-1) | F86: =IF(C86<9,Inputs!$B$8*E86,Inputs!$B$9*Inputs!$B$8*INDEX(Inputs!$E$23:$E$32,B86)*Inputs!$B$4^7) | G86: =IF(C86=1,F86/Inputs!$B$4,F85) | H86: =IF(C86=1,G86,Inputs!$B$7*F85) | I86: =H86/D86/3600 | J86: =(F86-G86)/(Inputs!$B$6*D86)/3600 | K86: =I86+J86 | L86: =L85+K86 | M86: =L86/(Inputs!$B$10*Inputs!$B$11) | N86: =(L86-K86)/(Inputs!$B$10*Inputs!$B$11)
A87: =Inputs!$C$32&" 3" | B87: 10 | C87: 3 | D87: =INDEX(Inputs!$F$23:$F$32,B87)*Inputs!$B$5^(C87-1)*INDEX(EXT_Budget!$K$4:$K$13,B87) | E87: =INDEX(Inputs!$E$23:$E$32,B87)*Inputs!$B$4^(C87-1) | F87: =IF(C87<9,Inputs!$B$8*E87,Inputs!$B$9*Inputs!$B$8*INDEX(Inputs!$E$23:$E$32,B87)*Inputs!$B$4^7) | G87: =IF(C87=1,F87/Inputs!$B$4,F86) | H87: =IF(C87=1,G87,Inputs!$B$7*F86) | I87: =H87/D87/3600 | J87: =(F87-G87)/(Inputs!$B$6*D87)/3600 | K87: =I87+J87 | L87: =L86+K87 | M87: =L87/(Inputs!$B$10*Inputs!$B$11) | N87: =(L87-K87)/(Inputs!$B$10*Inputs!$B$11)
A88: =Inputs!$C$32&" 4" | B88: 10 | C88: 4 | D88: =INDEX(Inputs!$F$23:$F$32,B88)*Inputs!$B$5^(C88-1)*INDEX(EXT_Budget!$K$4:$K$13,B88) | E88: =INDEX(Inputs!$E$23:$E$32,B88)*Inputs!$B$4^(C88-1) | F88: =IF(C88<9,Inputs!$B$8*E88,Inputs!$B$9*Inputs!$B$8*INDEX(Inputs!$E$23:$E$32,B88)*Inputs!$B$4^7) | G88: =IF(C88=1,F88/Inputs!$B$4,F87) | H88: =IF(C88=1,G88,Inputs!$B$7*F87) | I88: =H88/D88/3600 | J88: =(F88-G88)/(Inputs!$B$6*D88)/3600 | K88: =I88+J88 | L88: =L87+K88 | M88: =L88/(Inputs!$B$10*Inputs!$B$11) | N88: =(L88-K88)/(Inputs!$B$10*Inputs!$B$11)
A89: =Inputs!$C$32&" 5" | B89: 10 | C89: 5 | D89: =INDEX(Inputs!$F$23:$F$32,B89)*Inputs!$B$5^(C89-1)*INDEX(EXT_Budget!$K$4:$K$13,B89) | E89: =INDEX(Inputs!$E$23:$E$32,B89)*Inputs!$B$4^(C89-1) | F89: =IF(C89<9,Inputs!$B$8*E89,Inputs!$B$9*Inputs!$B$8*INDEX(Inputs!$E$23:$E$32,B89)*Inputs!$B$4^7) | G89: =IF(C89=1,F89/Inputs!$B$4,F88) | H89: =IF(C89=1,G89,Inputs!$B$7*F88) | I89: =H89/D89/3600 | J89: =(F89-G89)/(Inputs!$B$6*D89)/3600 | K89: =I89+J89 | L89: =L88+K89 | M89: =L89/(Inputs!$B$10*Inputs!$B$11) | N89: =(L89-K89)/(Inputs!$B$10*Inputs!$B$11)
A90: =Inputs!$C$32&" 6" | B90: 10 | C90: 6 | D90: =INDEX(Inputs!$F$23:$F$32,B90)*Inputs!$B$5^(C90-1)*INDEX(EXT_Budget!$K$4:$K$13,B90) | E90: =INDEX(Inputs!$E$23:$E$32,B90)*Inputs!$B$4^(C90-1) | F90: =IF(C90<9,Inputs!$B$8*E90,Inputs!$B$9*Inputs!$B$8*INDEX(Inputs!$E$23:$E$32,B90)*Inputs!$B$4^7) | G90: =IF(C90=1,F90/Inputs!$B$4,F89) | H90: =IF(C90=1,G90,Inputs!$B$7*F89) | I90: =H90/D90/3600 | J90: =(F90-G90)/(Inputs!$B$6*D90)/3600 | K90: =I90+J90 | L90: =L89+K90 | M90: =L90/(Inputs!$B$10*Inputs!$B$11) | N90: =(L90-K90)/(Inputs!$B$10*Inputs!$B$11)
A91: =Inputs!$C$32&" 7" | B91: 10 | C91: 7 | D91: =INDEX(Inputs!$F$23:$F$32,B91)*Inputs!$B$5^(C91-1)*INDEX(EXT_Budget!$K$4:$K$13,B91) | E91: =INDEX(Inputs!$E$23:$E$32,B91)*Inputs!$B$4^(C91-1) | F91: =IF(C91<9,Inputs!$B$8*E91,Inputs!$B$9*Inputs!$B$8*INDEX(Inputs!$E$23:$E$32,B91)*Inputs!$B$4^7) | G91: =IF(C91=1,F91/Inputs!$B$4,F90) | H91: =IF(C91=1,G91,Inputs!$B$7*F90) | I91: =H91/D91/3600 | J91: =(F91-G91)/(Inputs!$B$6*D91)/3600 | K91: =I91+J91 | L91: =L90+K91 | M91: =L91/(Inputs!$B$10*Inputs!$B$11) | N91: =(L91-K91)/(Inputs!$B$10*Inputs!$B$11)
A92: =Inputs!$C$32&" 8" | B92: 10 | C92: 8 | D92: =INDEX(Inputs!$F$23:$F$32,B92)*Inputs!$B$5^(C92-1)*INDEX(EXT_Budget!$K$4:$K$13,B92) | E92: =INDEX(Inputs!$E$23:$E$32,B92)*Inputs!$B$4^(C92-1) | F92: =IF(C92<9,Inputs!$B$8*E92,Inputs!$B$9*Inputs!$B$8*INDEX(Inputs!$E$23:$E$32,B92)*Inputs!$B$4^7) | G92: =IF(C92=1,F92/Inputs!$B$4,F91) | H92: =IF(C92=1,G92,Inputs!$B$7*F91) | I92: =H92/D92/3600 | J92: =(F92-G92)/(Inputs!$B$6*D92)/3600 | K92: =I92+J92 | L92: =L91+K92 | M92: =L92/(Inputs!$B$10*Inputs!$B$11) | N92: =(L92-K92)/(Inputs!$B$10*Inputs!$B$11)
A93: =Inputs!$C$32&" 9" | B93: 10 | C93: 9 | D93: =INDEX(Inputs!$F$23:$F$32,B93)*Inputs!$B$5^(C93-1)*INDEX(EXT_Budget!$K$4:$K$13,B93) | E93: =INDEX(Inputs!$E$23:$E$32,B93)*Inputs!$B$4^(C93-1) | F93: =IF(C93<9,Inputs!$B$8*E93,Inputs!$B$9*Inputs!$B$8*INDEX(Inputs!$E$23:$E$32,B93)*Inputs!$B$4^7) | G93: =IF(C93=1,F93/Inputs!$B$4,F92) | H93: =IF(C93=1,G93,Inputs!$B$7*F92) | I93: =H93/D93/3600 | J93: =(F93-G93)/(Inputs!$B$6*D93)/3600 | K93: =I93+J93 | L93: =L92+K93 | M93: =L93/(Inputs!$B$10*Inputs!$B$11) | N93: =(L93-K93)/(Inputs!$B$10*Inputs!$B$11)

Sheet Body_Pacing
A1: Body pacing (Vessel Model, Train time)
A3: Key | B3: Idx | C3: Level | D3: Rate /s | E3: Work | F3: Cap (max at level end) | G3: Start max | H3: Refill amount | I3: Refill h | J3: Growth h | K3: Level h | L3: Cumulative h | M3: Day (end of level) | N3: Day (level reached)
A4: =Inputs!$B$38&" 1" | B4: 1 | C4: 1 | D4: =Inputs!$B$16^(B4-1)*Inputs!$B$5^(C4-1)*INDEX(Inputs!$D$38:$D$44,B4) | E4: =INDEX(Inputs!$C$38:$C$44,B4)*Inputs!$B$4^(C4-1) | F4: =IF(C4<9,Inputs!$B$8*E4,Inputs!$B$9*Inputs!$B$8*INDEX(Inputs!$C$38:$C$44,B4)*Inputs!$B$4^7) | G4: =F4/Inputs!$B$4 | H4: =G4 | I4: =H4/D4/3600 | J4: =(F4-G4)/(Inputs!$B$6*D4)/3600 | K4: =I4+J4 | L4: =K4 | M4: =L4/(Inputs!$B$10*Inputs!$B$12) | N4: =(L4-K4)/(Inputs!$B$10*Inputs!$B$12)
A5: =Inputs!$B$38&" 2" | B5: 1 | C5: 2 | D5: =Inputs!$B$16^(B5-1)*Inputs!$B$5^(C5-1)*INDEX(Inputs!$D$38:$D$44,B5) | E5: =INDEX(Inputs!$C$38:$C$44,B5)*Inputs!$B$4^(C5-1) | F5: =IF(C5<9,Inputs!$B$8*E5,Inputs!$B$9*Inputs!$B$8*INDEX(Inputs!$C$38:$C$44,B5)*Inputs!$B$4^7) | G5: =IF(C5=1,F5/Inputs!$B$4,F4) | H5: =IF(C5=1,G5,Inputs!$B$7*F4) | I5: =H5/D5/3600 | J5: =(F5-G5)/(Inputs!$B$6*D5)/3600 | K5: =I5+J5 | L5: =L4+K5 | M5: =L5/(Inputs!$B$10*Inputs!$B$12) | N5: =(L5-K5)/(Inputs!$B$10*Inputs!$B$12)
A6: =Inputs!$B$38&" 3" | B6: 1 | C6: 3 | D6: =Inputs!$B$16^(B6-1)*Inputs!$B$5^(C6-1)*INDEX(Inputs!$D$38:$D$44,B6) | E6: =INDEX(Inputs!$C$38:$C$44,B6)*Inputs!$B$4^(C6-1) | F6: =IF(C6<9,Inputs!$B$8*E6,Inputs!$B$9*Inputs!$B$8*INDEX(Inputs!$C$38:$C$44,B6)*Inputs!$B$4^7) | G6: =IF(C6=1,F6/Inputs!$B$4,F5) | H6: =IF(C6=1,G6,Inputs!$B$7*F5) | I6: =H6/D6/3600 | J6: =(F6-G6)/(Inputs!$B$6*D6)/3600 | K6: =I6+J6 | L6: =L5+K6 | M6: =L6/(Inputs!$B$10*Inputs!$B$12) | N6: =(L6-K6)/(Inputs!$B$10*Inputs!$B$12)
A7: =Inputs!$B$38&" 4" | B7: 1 | C7: 4 | D7: =Inputs!$B$16^(B7-1)*Inputs!$B$5^(C7-1)*INDEX(Inputs!$D$38:$D$44,B7) | E7: =INDEX(Inputs!$C$38:$C$44,B7)*Inputs!$B$4^(C7-1) | F7: =IF(C7<9,Inputs!$B$8*E7,Inputs!$B$9*Inputs!$B$8*INDEX(Inputs!$C$38:$C$44,B7)*Inputs!$B$4^7) | G7: =IF(C7=1,F7/Inputs!$B$4,F6) | H7: =IF(C7=1,G7,Inputs!$B$7*F6) | I7: =H7/D7/3600 | J7: =(F7-G7)/(Inputs!$B$6*D7)/3600 | K7: =I7+J7 | L7: =L6+K7 | M7: =L7/(Inputs!$B$10*Inputs!$B$12) | N7: =(L7-K7)/(Inputs!$B$10*Inputs!$B$12)
A8: =Inputs!$B$38&" 5" | B8: 1 | C8: 5 | D8: =Inputs!$B$16^(B8-1)*Inputs!$B$5^(C8-1)*INDEX(Inputs!$D$38:$D$44,B8) | E8: =INDEX(Inputs!$C$38:$C$44,B8)*Inputs!$B$4^(C8-1) | F8: =IF(C8<9,Inputs!$B$8*E8,Inputs!$B$9*Inputs!$B$8*INDEX(Inputs!$C$38:$C$44,B8)*Inputs!$B$4^7) | G8: =IF(C8=1,F8/Inputs!$B$4,F7) | H8: =IF(C8=1,G8,Inputs!$B$7*F7) | I8: =H8/D8/3600 | J8: =(F8-G8)/(Inputs!$B$6*D8)/3600 | K8: =I8+J8 | L8: =L7+K8 | M8: =L8/(Inputs!$B$10*Inputs!$B$12) | N8: =(L8-K8)/(Inputs!$B$10*Inputs!$B$12)
A9: =Inputs!$B$38&" 6" | B9: 1 | C9: 6 | D9: =Inputs!$B$16^(B9-1)*Inputs!$B$5^(C9-1)*INDEX(Inputs!$D$38:$D$44,B9) | E9: =INDEX(Inputs!$C$38:$C$44,B9)*Inputs!$B$4^(C9-1) | F9: =IF(C9<9,Inputs!$B$8*E9,Inputs!$B$9*Inputs!$B$8*INDEX(Inputs!$C$38:$C$44,B9)*Inputs!$B$4^7) | G9: =IF(C9=1,F9/Inputs!$B$4,F8) | H9: =IF(C9=1,G9,Inputs!$B$7*F8) | I9: =H9/D9/3600 | J9: =(F9-G9)/(Inputs!$B$6*D9)/3600 | K9: =I9+J9 | L9: =L8+K9 | M9: =L9/(Inputs!$B$10*Inputs!$B$12) | N9: =(L9-K9)/(Inputs!$B$10*Inputs!$B$12)
A10: =Inputs!$B$38&" 7" | B10: 1 | C10: 7 | D10: =Inputs!$B$16^(B10-1)*Inputs!$B$5^(C10-1)*INDEX(Inputs!$D$38:$D$44,B10) | E10: =INDEX(Inputs!$C$38:$C$44,B10)*Inputs!$B$4^(C10-1) | F10: =IF(C10<9,Inputs!$B$8*E10,Inputs!$B$9*Inputs!$B$8*INDEX(Inputs!$C$38:$C$44,B10)*Inputs!$B$4^7) | G10: =IF(C10=1,F10/Inputs!$B$4,F9) | H10: =IF(C10=1,G10,Inputs!$B$7*F9) | I10: =H10/D10/3600 | J10: =(F10-G10)/(Inputs!$B$6*D10)/3600 | K10: =I10+J10 | L10: =L9+K10 | M10: =L10/(Inputs!$B$10*Inputs!$B$12) | N10: =(L10-K10)/(Inputs!$B$10*Inputs!$B$12)
A11: =Inputs!$B$38&" 8" | B11: 1 | C11: 8 | D11: =Inputs!$B$16^(B11-1)*Inputs!$B$5^(C11-1)*INDEX(Inputs!$D$38:$D$44,B11) | E11: =INDEX(Inputs!$C$38:$C$44,B11)*Inputs!$B$4^(C11-1) | F11: =IF(C11<9,Inputs!$B$8*E11,Inputs!$B$9*Inputs!$B$8*INDEX(Inputs!$C$38:$C$44,B11)*Inputs!$B$4^7) | G11: =IF(C11=1,F11/Inputs!$B$4,F10) | H11: =IF(C11=1,G11,Inputs!$B$7*F10) | I11: =H11/D11/3600 | J11: =(F11-G11)/(Inputs!$B$6*D11)/3600 | K11: =I11+J11 | L11: =L10+K11 | M11: =L11/(Inputs!$B$10*Inputs!$B$12) | N11: =(L11-K11)/(Inputs!$B$10*Inputs!$B$12)
A12: =Inputs!$B$38&" 9" | B12: 1 | C12: 9 | D12: =Inputs!$B$16^(B12-1)*Inputs!$B$5^(C12-1)*INDEX(Inputs!$D$38:$D$44,B12) | E12: =INDEX(Inputs!$C$38:$C$44,B12)*Inputs!$B$4^(C12-1) | F12: =IF(C12<9,Inputs!$B$8*E12,Inputs!$B$9*Inputs!$B$8*INDEX(Inputs!$C$38:$C$44,B12)*Inputs!$B$4^7) | G12: =IF(C12=1,F12/Inputs!$B$4,F11) | H12: =IF(C12=1,G12,Inputs!$B$7*F11) | I12: =H12/D12/3600 | J12: =(F12-G12)/(Inputs!$B$6*D12)/3600 | K12: =I12+J12 | L12: =L11+K12 | M12: =L12/(Inputs!$B$10*Inputs!$B$12) | N12: =(L12-K12)/(Inputs!$B$10*Inputs!$B$12)
A13: =Inputs!$B$39&" 1" | B13: 2 | C13: 1 | D13: =Inputs!$B$16^(B13-1)*Inputs!$B$5^(C13-1)*INDEX(Inputs!$D$38:$D$44,B13) | E13: =INDEX(Inputs!$C$38:$C$44,B13)*Inputs!$B$4^(C13-1) | F13: =IF(C13<9,Inputs!$B$8*E13,Inputs!$B$9*Inputs!$B$8*INDEX(Inputs!$C$38:$C$44,B13)*Inputs!$B$4^7) | G13: =IF(C13=1,F13/Inputs!$B$4,F12) | H13: =IF(C13=1,G13,Inputs!$B$7*F12) | I13: =H13/D13/3600 | J13: =(F13-G13)/(Inputs!$B$6*D13)/3600 | K13: =I13+J13 | L13: =L12+K13 | M13: =L13/(Inputs!$B$10*Inputs!$B$12) | N13: =(L13-K13)/(Inputs!$B$10*Inputs!$B$12)
A14: =Inputs!$B$39&" 2" | B14: 2 | C14: 2 | D14: =Inputs!$B$16^(B14-1)*Inputs!$B$5^(C14-1)*INDEX(Inputs!$D$38:$D$44,B14) | E14: =INDEX(Inputs!$C$38:$C$44,B14)*Inputs!$B$4^(C14-1) | F14: =IF(C14<9,Inputs!$B$8*E14,Inputs!$B$9*Inputs!$B$8*INDEX(Inputs!$C$38:$C$44,B14)*Inputs!$B$4^7) | G14: =IF(C14=1,F14/Inputs!$B$4,F13) | H14: =IF(C14=1,G14,Inputs!$B$7*F13) | I14: =H14/D14/3600 | J14: =(F14-G14)/(Inputs!$B$6*D14)/3600 | K14: =I14+J14 | L14: =L13+K14 | M14: =L14/(Inputs!$B$10*Inputs!$B$12) | N14: =(L14-K14)/(Inputs!$B$10*Inputs!$B$12)
A15: =Inputs!$B$39&" 3" | B15: 2 | C15: 3 | D15: =Inputs!$B$16^(B15-1)*Inputs!$B$5^(C15-1)*INDEX(Inputs!$D$38:$D$44,B15) | E15: =INDEX(Inputs!$C$38:$C$44,B15)*Inputs!$B$4^(C15-1) | F15: =IF(C15<9,Inputs!$B$8*E15,Inputs!$B$9*Inputs!$B$8*INDEX(Inputs!$C$38:$C$44,B15)*Inputs!$B$4^7) | G15: =IF(C15=1,F15/Inputs!$B$4,F14) | H15: =IF(C15=1,G15,Inputs!$B$7*F14) | I15: =H15/D15/3600 | J15: =(F15-G15)/(Inputs!$B$6*D15)/3600 | K15: =I15+J15 | L15: =L14+K15 | M15: =L15/(Inputs!$B$10*Inputs!$B$12) | N15: =(L15-K15)/(Inputs!$B$10*Inputs!$B$12)
A16: =Inputs!$B$39&" 4" | B16: 2 | C16: 4 | D16: =Inputs!$B$16^(B16-1)*Inputs!$B$5^(C16-1)*INDEX(Inputs!$D$38:$D$44,B16) | E16: =INDEX(Inputs!$C$38:$C$44,B16)*Inputs!$B$4^(C16-1) | F16: =IF(C16<9,Inputs!$B$8*E16,Inputs!$B$9*Inputs!$B$8*INDEX(Inputs!$C$38:$C$44,B16)*Inputs!$B$4^7) | G16: =IF(C16=1,F16/Inputs!$B$4,F15) | H16: =IF(C16=1,G16,Inputs!$B$7*F15) | I16: =H16/D16/3600 | J16: =(F16-G16)/(Inputs!$B$6*D16)/3600 | K16: =I16+J16 | L16: =L15+K16 | M16: =L16/(Inputs!$B$10*Inputs!$B$12) | N16: =(L16-K16)/(Inputs!$B$10*Inputs!$B$12)
A17: =Inputs!$B$39&" 5" | B17: 2 | C17: 5 | D17: =Inputs!$B$16^(B17-1)*Inputs!$B$5^(C17-1)*INDEX(Inputs!$D$38:$D$44,B17) | E17: =INDEX(Inputs!$C$38:$C$44,B17)*Inputs!$B$4^(C17-1) | F17: =IF(C17<9,Inputs!$B$8*E17,Inputs!$B$9*Inputs!$B$8*INDEX(Inputs!$C$38:$C$44,B17)*Inputs!$B$4^7) | G17: =IF(C17=1,F17/Inputs!$B$4,F16) | H17: =IF(C17=1,G17,Inputs!$B$7*F16) | I17: =H17/D17/3600 | J17: =(F17-G17)/(Inputs!$B$6*D17)/3600 | K17: =I17+J17 | L17: =L16+K17 | M17: =L17/(Inputs!$B$10*Inputs!$B$12) | N17: =(L17-K17)/(Inputs!$B$10*Inputs!$B$12)
A18: =Inputs!$B$39&" 6" | B18: 2 | C18: 6 | D18: =Inputs!$B$16^(B18-1)*Inputs!$B$5^(C18-1)*INDEX(Inputs!$D$38:$D$44,B18) | E18: =INDEX(Inputs!$C$38:$C$44,B18)*Inputs!$B$4^(C18-1) | F18: =IF(C18<9,Inputs!$B$8*E18,Inputs!$B$9*Inputs!$B$8*INDEX(Inputs!$C$38:$C$44,B18)*Inputs!$B$4^7) | G18: =IF(C18=1,F18/Inputs!$B$4,F17) | H18: =IF(C18=1,G18,Inputs!$B$7*F17) | I18: =H18/D18/3600 | J18: =(F18-G18)/(Inputs!$B$6*D18)/3600 | K18: =I18+J18 | L18: =L17+K18 | M18: =L18/(Inputs!$B$10*Inputs!$B$12) | N18: =(L18-K18)/(Inputs!$B$10*Inputs!$B$12)
A19: =Inputs!$B$39&" 7" | B19: 2 | C19: 7 | D19: =Inputs!$B$16^(B19-1)*Inputs!$B$5^(C19-1)*INDEX(Inputs!$D$38:$D$44,B19) | E19: =INDEX(Inputs!$C$38:$C$44,B19)*Inputs!$B$4^(C19-1) | F19: =IF(C19<9,Inputs!$B$8*E19,Inputs!$B$9*Inputs!$B$8*INDEX(Inputs!$C$38:$C$44,B19)*Inputs!$B$4^7) | G19: =IF(C19=1,F19/Inputs!$B$4,F18) | H19: =IF(C19=1,G19,Inputs!$B$7*F18) | I19: =H19/D19/3600 | J19: =(F19-G19)/(Inputs!$B$6*D19)/3600 | K19: =I19+J19 | L19: =L18+K19 | M19: =L19/(Inputs!$B$10*Inputs!$B$12) | N19: =(L19-K19)/(Inputs!$B$10*Inputs!$B$12)
A20: =Inputs!$B$39&" 8" | B20: 2 | C20: 8 | D20: =Inputs!$B$16^(B20-1)*Inputs!$B$5^(C20-1)*INDEX(Inputs!$D$38:$D$44,B20) | E20: =INDEX(Inputs!$C$38:$C$44,B20)*Inputs!$B$4^(C20-1) | F20: =IF(C20<9,Inputs!$B$8*E20,Inputs!$B$9*Inputs!$B$8*INDEX(Inputs!$C$38:$C$44,B20)*Inputs!$B$4^7) | G20: =IF(C20=1,F20/Inputs!$B$4,F19) | H20: =IF(C20=1,G20,Inputs!$B$7*F19) | I20: =H20/D20/3600 | J20: =(F20-G20)/(Inputs!$B$6*D20)/3600 | K20: =I20+J20 | L20: =L19+K20 | M20: =L20/(Inputs!$B$10*Inputs!$B$12) | N20: =(L20-K20)/(Inputs!$B$10*Inputs!$B$12)
A21: =Inputs!$B$39&" 9" | B21: 2 | C21: 9 | D21: =Inputs!$B$16^(B21-1)*Inputs!$B$5^(C21-1)*INDEX(Inputs!$D$38:$D$44,B21) | E21: =INDEX(Inputs!$C$38:$C$44,B21)*Inputs!$B$4^(C21-1) | F21: =IF(C21<9,Inputs!$B$8*E21,Inputs!$B$9*Inputs!$B$8*INDEX(Inputs!$C$38:$C$44,B21)*Inputs!$B$4^7) | G21: =IF(C21=1,F21/Inputs!$B$4,F20) | H21: =IF(C21=1,G21,Inputs!$B$7*F20) | I21: =H21/D21/3600 | J21: =(F21-G21)/(Inputs!$B$6*D21)/3600 | K21: =I21+J21 | L21: =L20+K21 | M21: =L21/(Inputs!$B$10*Inputs!$B$12) | N21: =(L21-K21)/(Inputs!$B$10*Inputs!$B$12)
A22: =Inputs!$B$40&" 1" | B22: 3 | C22: 1 | D22: =Inputs!$B$16^(B22-1)*Inputs!$B$5^(C22-1)*INDEX(Inputs!$D$38:$D$44,B22) | E22: =INDEX(Inputs!$C$38:$C$44,B22)*Inputs!$B$4^(C22-1) | F22: =IF(C22<9,Inputs!$B$8*E22,Inputs!$B$9*Inputs!$B$8*INDEX(Inputs!$C$38:$C$44,B22)*Inputs!$B$4^7) | G22: =IF(C22=1,F22/Inputs!$B$4,F21) | H22: =IF(C22=1,G22,Inputs!$B$7*F21) | I22: =H22/D22/3600 | J22: =(F22-G22)/(Inputs!$B$6*D22)/3600 | K22: =I22+J22 | L22: =L21+K22 | M22: =L22/(Inputs!$B$10*Inputs!$B$12) | N22: =(L22-K22)/(Inputs!$B$10*Inputs!$B$12)
A23: =Inputs!$B$40&" 2" | B23: 3 | C23: 2 | D23: =Inputs!$B$16^(B23-1)*Inputs!$B$5^(C23-1)*INDEX(Inputs!$D$38:$D$44,B23) | E23: =INDEX(Inputs!$C$38:$C$44,B23)*Inputs!$B$4^(C23-1) | F23: =IF(C23<9,Inputs!$B$8*E23,Inputs!$B$9*Inputs!$B$8*INDEX(Inputs!$C$38:$C$44,B23)*Inputs!$B$4^7) | G23: =IF(C23=1,F23/Inputs!$B$4,F22) | H23: =IF(C23=1,G23,Inputs!$B$7*F22) | I23: =H23/D23/3600 | J23: =(F23-G23)/(Inputs!$B$6*D23)/3600 | K23: =I23+J23 | L23: =L22+K23 | M23: =L23/(Inputs!$B$10*Inputs!$B$12) | N23: =(L23-K23)/(Inputs!$B$10*Inputs!$B$12)
A24: =Inputs!$B$40&" 3" | B24: 3 | C24: 3 | D24: =Inputs!$B$16^(B24-1)*Inputs!$B$5^(C24-1)*INDEX(Inputs!$D$38:$D$44,B24) | E24: =INDEX(Inputs!$C$38:$C$44,B24)*Inputs!$B$4^(C24-1) | F24: =IF(C24<9,Inputs!$B$8*E24,Inputs!$B$9*Inputs!$B$8*INDEX(Inputs!$C$38:$C$44,B24)*Inputs!$B$4^7) | G24: =IF(C24=1,F24/Inputs!$B$4,F23) | H24: =IF(C24=1,G24,Inputs!$B$7*F23) | I24: =H24/D24/3600 | J24: =(F24-G24)/(Inputs!$B$6*D24)/3600 | K24: =I24+J24 | L24: =L23+K24 | M24: =L24/(Inputs!$B$10*Inputs!$B$12) | N24: =(L24-K24)/(Inputs!$B$10*Inputs!$B$12)
A25: =Inputs!$B$40&" 4" | B25: 3 | C25: 4 | D25: =Inputs!$B$16^(B25-1)*Inputs!$B$5^(C25-1)*INDEX(Inputs!$D$38:$D$44,B25) | E25: =INDEX(Inputs!$C$38:$C$44,B25)*Inputs!$B$4^(C25-1) | F25: =IF(C25<9,Inputs!$B$8*E25,Inputs!$B$9*Inputs!$B$8*INDEX(Inputs!$C$38:$C$44,B25)*Inputs!$B$4^7) | G25: =IF(C25=1,F25/Inputs!$B$4,F24) | H25: =IF(C25=1,G25,Inputs!$B$7*F24) | I25: =H25/D25/3600 | J25: =(F25-G25)/(Inputs!$B$6*D25)/3600 | K25: =I25+J25 | L25: =L24+K25 | M25: =L25/(Inputs!$B$10*Inputs!$B$12) | N25: =(L25-K25)/(Inputs!$B$10*Inputs!$B$12)
A26: =Inputs!$B$40&" 5" | B26: 3 | C26: 5 | D26: =Inputs!$B$16^(B26-1)*Inputs!$B$5^(C26-1)*INDEX(Inputs!$D$38:$D$44,B26) | E26: =INDEX(Inputs!$C$38:$C$44,B26)*Inputs!$B$4^(C26-1) | F26: =IF(C26<9,Inputs!$B$8*E26,Inputs!$B$9*Inputs!$B$8*INDEX(Inputs!$C$38:$C$44,B26)*Inputs!$B$4^7) | G26: =IF(C26=1,F26/Inputs!$B$4,F25) | H26: =IF(C26=1,G26,Inputs!$B$7*F25) | I26: =H26/D26/3600 | J26: =(F26-G26)/(Inputs!$B$6*D26)/3600 | K26: =I26+J26 | L26: =L25+K26 | M26: =L26/(Inputs!$B$10*Inputs!$B$12) | N26: =(L26-K26)/(Inputs!$B$10*Inputs!$B$12)
A27: =Inputs!$B$40&" 6" | B27: 3 | C27: 6 | D27: =Inputs!$B$16^(B27-1)*Inputs!$B$5^(C27-1)*INDEX(Inputs!$D$38:$D$44,B27) | E27: =INDEX(Inputs!$C$38:$C$44,B27)*Inputs!$B$4^(C27-1) | F27: =IF(C27<9,Inputs!$B$8*E27,Inputs!$B$9*Inputs!$B$8*INDEX(Inputs!$C$38:$C$44,B27)*Inputs!$B$4^7) | G27: =IF(C27=1,F27/Inputs!$B$4,F26) | H27: =IF(C27=1,G27,Inputs!$B$7*F26) | I27: =H27/D27/3600 | J27: =(F27-G27)/(Inputs!$B$6*D27)/3600 | K27: =I27+J27 | L27: =L26+K27 | M27: =L27/(Inputs!$B$10*Inputs!$B$12) | N27: =(L27-K27)/(Inputs!$B$10*Inputs!$B$12)
A28: =Inputs!$B$40&" 7" | B28: 3 | C28: 7 | D28: =Inputs!$B$16^(B28-1)*Inputs!$B$5^(C28-1)*INDEX(Inputs!$D$38:$D$44,B28) | E28: =INDEX(Inputs!$C$38:$C$44,B28)*Inputs!$B$4^(C28-1) | F28: =IF(C28<9,Inputs!$B$8*E28,Inputs!$B$9*Inputs!$B$8*INDEX(Inputs!$C$38:$C$44,B28)*Inputs!$B$4^7) | G28: =IF(C28=1,F28/Inputs!$B$4,F27) | H28: =IF(C28=1,G28,Inputs!$B$7*F27) | I28: =H28/D28/3600 | J28: =(F28-G28)/(Inputs!$B$6*D28)/3600 | K28: =I28+J28 | L28: =L27+K28 | M28: =L28/(Inputs!$B$10*Inputs!$B$12) | N28: =(L28-K28)/(Inputs!$B$10*Inputs!$B$12)
A29: =Inputs!$B$40&" 8" | B29: 3 | C29: 8 | D29: =Inputs!$B$16^(B29-1)*Inputs!$B$5^(C29-1)*INDEX(Inputs!$D$38:$D$44,B29) | E29: =INDEX(Inputs!$C$38:$C$44,B29)*Inputs!$B$4^(C29-1) | F29: =IF(C29<9,Inputs!$B$8*E29,Inputs!$B$9*Inputs!$B$8*INDEX(Inputs!$C$38:$C$44,B29)*Inputs!$B$4^7) | G29: =IF(C29=1,F29/Inputs!$B$4,F28) | H29: =IF(C29=1,G29,Inputs!$B$7*F28) | I29: =H29/D29/3600 | J29: =(F29-G29)/(Inputs!$B$6*D29)/3600 | K29: =I29+J29 | L29: =L28+K29 | M29: =L29/(Inputs!$B$10*Inputs!$B$12) | N29: =(L29-K29)/(Inputs!$B$10*Inputs!$B$12)
A30: =Inputs!$B$40&" 9" | B30: 3 | C30: 9 | D30: =Inputs!$B$16^(B30-1)*Inputs!$B$5^(C30-1)*INDEX(Inputs!$D$38:$D$44,B30) | E30: =INDEX(Inputs!$C$38:$C$44,B30)*Inputs!$B$4^(C30-1) | F30: =IF(C30<9,Inputs!$B$8*E30,Inputs!$B$9*Inputs!$B$8*INDEX(Inputs!$C$38:$C$44,B30)*Inputs!$B$4^7) | G30: =IF(C30=1,F30/Inputs!$B$4,F29) | H30: =IF(C30=1,G30,Inputs!$B$7*F29) | I30: =H30/D30/3600 | J30: =(F30-G30)/(Inputs!$B$6*D30)/3600 | K30: =I30+J30 | L30: =L29+K30 | M30: =L30/(Inputs!$B$10*Inputs!$B$12) | N30: =(L30-K30)/(Inputs!$B$10*Inputs!$B$12)
A31: =Inputs!$B$41&" 1" | B31: 4 | C31: 1 | D31: =Inputs!$B$16^(B31-1)*Inputs!$B$5^(C31-1)*INDEX(Inputs!$D$38:$D$44,B31) | E31: =INDEX(Inputs!$C$38:$C$44,B31)*Inputs!$B$4^(C31-1) | F31: =IF(C31<9,Inputs!$B$8*E31,Inputs!$B$9*Inputs!$B$8*INDEX(Inputs!$C$38:$C$44,B31)*Inputs!$B$4^7) | G31: =IF(C31=1,F31/Inputs!$B$4,F30) | H31: =IF(C31=1,G31,Inputs!$B$7*F30) | I31: =H31/D31/3600 | J31: =(F31-G31)/(Inputs!$B$6*D31)/3600 | K31: =I31+J31 | L31: =L30+K31 | M31: =L31/(Inputs!$B$10*Inputs!$B$12) | N31: =(L31-K31)/(Inputs!$B$10*Inputs!$B$12)
A32: =Inputs!$B$41&" 2" | B32: 4 | C32: 2 | D32: =Inputs!$B$16^(B32-1)*Inputs!$B$5^(C32-1)*INDEX(Inputs!$D$38:$D$44,B32) | E32: =INDEX(Inputs!$C$38:$C$44,B32)*Inputs!$B$4^(C32-1) | F32: =IF(C32<9,Inputs!$B$8*E32,Inputs!$B$9*Inputs!$B$8*INDEX(Inputs!$C$38:$C$44,B32)*Inputs!$B$4^7) | G32: =IF(C32=1,F32/Inputs!$B$4,F31) | H32: =IF(C32=1,G32,Inputs!$B$7*F31) | I32: =H32/D32/3600 | J32: =(F32-G32)/(Inputs!$B$6*D32)/3600 | K32: =I32+J32 | L32: =L31+K32 | M32: =L32/(Inputs!$B$10*Inputs!$B$12) | N32: =(L32-K32)/(Inputs!$B$10*Inputs!$B$12)
A33: =Inputs!$B$41&" 3" | B33: 4 | C33: 3 | D33: =Inputs!$B$16^(B33-1)*Inputs!$B$5^(C33-1)*INDEX(Inputs!$D$38:$D$44,B33) | E33: =INDEX(Inputs!$C$38:$C$44,B33)*Inputs!$B$4^(C33-1) | F33: =IF(C33<9,Inputs!$B$8*E33,Inputs!$B$9*Inputs!$B$8*INDEX(Inputs!$C$38:$C$44,B33)*Inputs!$B$4^7) | G33: =IF(C33=1,F33/Inputs!$B$4,F32) | H33: =IF(C33=1,G33,Inputs!$B$7*F32) | I33: =H33/D33/3600 | J33: =(F33-G33)/(Inputs!$B$6*D33)/3600 | K33: =I33+J33 | L33: =L32+K33 | M33: =L33/(Inputs!$B$10*Inputs!$B$12) | N33: =(L33-K33)/(Inputs!$B$10*Inputs!$B$12)
A34: =Inputs!$B$41&" 4" | B34: 4 | C34: 4 | D34: =Inputs!$B$16^(B34-1)*Inputs!$B$5^(C34-1)*INDEX(Inputs!$D$38:$D$44,B34) | E34: =INDEX(Inputs!$C$38:$C$44,B34)*Inputs!$B$4^(C34-1) | F34: =IF(C34<9,Inputs!$B$8*E34,Inputs!$B$9*Inputs!$B$8*INDEX(Inputs!$C$38:$C$44,B34)*Inputs!$B$4^7) | G34: =IF(C34=1,F34/Inputs!$B$4,F33) | H34: =IF(C34=1,G34,Inputs!$B$7*F33) | I34: =H34/D34/3600 | J34: =(F34-G34)/(Inputs!$B$6*D34)/3600 | K34: =I34+J34 | L34: =L33+K34 | M34: =L34/(Inputs!$B$10*Inputs!$B$12) | N34: =(L34-K34)/(Inputs!$B$10*Inputs!$B$12)
A35: =Inputs!$B$41&" 5" | B35: 4 | C35: 5 | D35: =Inputs!$B$16^(B35-1)*Inputs!$B$5^(C35-1)*INDEX(Inputs!$D$38:$D$44,B35) | E35: =INDEX(Inputs!$C$38:$C$44,B35)*Inputs!$B$4^(C35-1) | F35: =IF(C35<9,Inputs!$B$8*E35,Inputs!$B$9*Inputs!$B$8*INDEX(Inputs!$C$38:$C$44,B35)*Inputs!$B$4^7) | G35: =IF(C35=1,F35/Inputs!$B$4,F34) | H35: =IF(C35=1,G35,Inputs!$B$7*F34) | I35: =H35/D35/3600 | J35: =(F35-G35)/(Inputs!$B$6*D35)/3600 | K35: =I35+J35 | L35: =L34+K35 | M35: =L35/(Inputs!$B$10*Inputs!$B$12) | N35: =(L35-K35)/(Inputs!$B$10*Inputs!$B$12)
A36: =Inputs!$B$41&" 6" | B36: 4 | C36: 6 | D36: =Inputs!$B$16^(B36-1)*Inputs!$B$5^(C36-1)*INDEX(Inputs!$D$38:$D$44,B36) | E36: =INDEX(Inputs!$C$38:$C$44,B36)*Inputs!$B$4^(C36-1) | F36: =IF(C36<9,Inputs!$B$8*E36,Inputs!$B$9*Inputs!$B$8*INDEX(Inputs!$C$38:$C$44,B36)*Inputs!$B$4^7) | G36: =IF(C36=1,F36/Inputs!$B$4,F35) | H36: =IF(C36=1,G36,Inputs!$B$7*F35) | I36: =H36/D36/3600 | J36: =(F36-G36)/(Inputs!$B$6*D36)/3600 | K36: =I36+J36 | L36: =L35+K36 | M36: =L36/(Inputs!$B$10*Inputs!$B$12) | N36: =(L36-K36)/(Inputs!$B$10*Inputs!$B$12)
A37: =Inputs!$B$41&" 7" | B37: 4 | C37: 7 | D37: =Inputs!$B$16^(B37-1)*Inputs!$B$5^(C37-1)*INDEX(Inputs!$D$38:$D$44,B37) | E37: =INDEX(Inputs!$C$38:$C$44,B37)*Inputs!$B$4^(C37-1) | F37: =IF(C37<9,Inputs!$B$8*E37,Inputs!$B$9*Inputs!$B$8*INDEX(Inputs!$C$38:$C$44,B37)*Inputs!$B$4^7) | G37: =IF(C37=1,F37/Inputs!$B$4,F36) | H37: =IF(C37=1,G37,Inputs!$B$7*F36) | I37: =H37/D37/3600 | J37: =(F37-G37)/(Inputs!$B$6*D37)/3600 | K37: =I37+J37 | L37: =L36+K37 | M37: =L37/(Inputs!$B$10*Inputs!$B$12) | N37: =(L37-K37)/(Inputs!$B$10*Inputs!$B$12)
A38: =Inputs!$B$41&" 8" | B38: 4 | C38: 8 | D38: =Inputs!$B$16^(B38-1)*Inputs!$B$5^(C38-1)*INDEX(Inputs!$D$38:$D$44,B38) | E38: =INDEX(Inputs!$C$38:$C$44,B38)*Inputs!$B$4^(C38-1) | F38: =IF(C38<9,Inputs!$B$8*E38,Inputs!$B$9*Inputs!$B$8*INDEX(Inputs!$C$38:$C$44,B38)*Inputs!$B$4^7) | G38: =IF(C38=1,F38/Inputs!$B$4,F37) | H38: =IF(C38=1,G38,Inputs!$B$7*F37) | I38: =H38/D38/3600 | J38: =(F38-G38)/(Inputs!$B$6*D38)/3600 | K38: =I38+J38 | L38: =L37+K38 | M38: =L38/(Inputs!$B$10*Inputs!$B$12) | N38: =(L38-K38)/(Inputs!$B$10*Inputs!$B$12)
A39: =Inputs!$B$41&" 9" | B39: 4 | C39: 9 | D39: =Inputs!$B$16^(B39-1)*Inputs!$B$5^(C39-1)*INDEX(Inputs!$D$38:$D$44,B39) | E39: =INDEX(Inputs!$C$38:$C$44,B39)*Inputs!$B$4^(C39-1) | F39: =IF(C39<9,Inputs!$B$8*E39,Inputs!$B$9*Inputs!$B$8*INDEX(Inputs!$C$38:$C$44,B39)*Inputs!$B$4^7) | G39: =IF(C39=1,F39/Inputs!$B$4,F38) | H39: =IF(C39=1,G39,Inputs!$B$7*F38) | I39: =H39/D39/3600 | J39: =(F39-G39)/(Inputs!$B$6*D39)/3600 | K39: =I39+J39 | L39: =L38+K39 | M39: =L39/(Inputs!$B$10*Inputs!$B$12) | N39: =(L39-K39)/(Inputs!$B$10*Inputs!$B$12)
A40: =Inputs!$B$42&" 1" | B40: 5 | C40: 1 | D40: =Inputs!$B$16^(B40-1)*Inputs!$B$5^(C40-1)*INDEX(Inputs!$D$38:$D$44,B40) | E40: =INDEX(Inputs!$C$38:$C$44,B40)*Inputs!$B$4^(C40-1) | F40: =IF(C40<9,Inputs!$B$8*E40,Inputs!$B$9*Inputs!$B$8*INDEX(Inputs!$C$38:$C$44,B40)*Inputs!$B$4^7) | G40: =IF(C40=1,F40/Inputs!$B$4,F39) | H40: =IF(C40=1,G40,Inputs!$B$7*F39) | I40: =H40/D40/3600 | J40: =(F40-G40)/(Inputs!$B$6*D40)/3600 | K40: =I40+J40 | L40: =L39+K40 | M40: =L40/(Inputs!$B$10*Inputs!$B$12) | N40: =(L40-K40)/(Inputs!$B$10*Inputs!$B$12)
A41: =Inputs!$B$42&" 2" | B41: 5 | C41: 2 | D41: =Inputs!$B$16^(B41-1)*Inputs!$B$5^(C41-1)*INDEX(Inputs!$D$38:$D$44,B41) | E41: =INDEX(Inputs!$C$38:$C$44,B41)*Inputs!$B$4^(C41-1) | F41: =IF(C41<9,Inputs!$B$8*E41,Inputs!$B$9*Inputs!$B$8*INDEX(Inputs!$C$38:$C$44,B41)*Inputs!$B$4^7) | G41: =IF(C41=1,F41/Inputs!$B$4,F40) | H41: =IF(C41=1,G41,Inputs!$B$7*F40) | I41: =H41/D41/3600 | J41: =(F41-G41)/(Inputs!$B$6*D41)/3600 | K41: =I41+J41 | L41: =L40+K41 | M41: =L41/(Inputs!$B$10*Inputs!$B$12) | N41: =(L41-K41)/(Inputs!$B$10*Inputs!$B$12)
A42: =Inputs!$B$42&" 3" | B42: 5 | C42: 3 | D42: =Inputs!$B$16^(B42-1)*Inputs!$B$5^(C42-1)*INDEX(Inputs!$D$38:$D$44,B42) | E42: =INDEX(Inputs!$C$38:$C$44,B42)*Inputs!$B$4^(C42-1) | F42: =IF(C42<9,Inputs!$B$8*E42,Inputs!$B$9*Inputs!$B$8*INDEX(Inputs!$C$38:$C$44,B42)*Inputs!$B$4^7) | G42: =IF(C42=1,F42/Inputs!$B$4,F41) | H42: =IF(C42=1,G42,Inputs!$B$7*F41) | I42: =H42/D42/3600 | J42: =(F42-G42)/(Inputs!$B$6*D42)/3600 | K42: =I42+J42 | L42: =L41+K42 | M42: =L42/(Inputs!$B$10*Inputs!$B$12) | N42: =(L42-K42)/(Inputs!$B$10*Inputs!$B$12)
A43: =Inputs!$B$42&" 4" | B43: 5 | C43: 4 | D43: =Inputs!$B$16^(B43-1)*Inputs!$B$5^(C43-1)*INDEX(Inputs!$D$38:$D$44,B43) | E43: =INDEX(Inputs!$C$38:$C$44,B43)*Inputs!$B$4^(C43-1) | F43: =IF(C43<9,Inputs!$B$8*E43,Inputs!$B$9*Inputs!$B$8*INDEX(Inputs!$C$38:$C$44,B43)*Inputs!$B$4^7) | G43: =IF(C43=1,F43/Inputs!$B$4,F42) | H43: =IF(C43=1,G43,Inputs!$B$7*F42) | I43: =H43/D43/3600 | J43: =(F43-G43)/(Inputs!$B$6*D43)/3600 | K43: =I43+J43 | L43: =L42+K43 | M43: =L43/(Inputs!$B$10*Inputs!$B$12) | N43: =(L43-K43)/(Inputs!$B$10*Inputs!$B$12)
A44: =Inputs!$B$42&" 5" | B44: 5 | C44: 5 | D44: =Inputs!$B$16^(B44-1)*Inputs!$B$5^(C44-1)*INDEX(Inputs!$D$38:$D$44,B44) | E44: =INDEX(Inputs!$C$38:$C$44,B44)*Inputs!$B$4^(C44-1) | F44: =IF(C44<9,Inputs!$B$8*E44,Inputs!$B$9*Inputs!$B$8*INDEX(Inputs!$C$38:$C$44,B44)*Inputs!$B$4^7) | G44: =IF(C44=1,F44/Inputs!$B$4,F43) | H44: =IF(C44=1,G44,Inputs!$B$7*F43) | I44: =H44/D44/3600 | J44: =(F44-G44)/(Inputs!$B$6*D44)/3600 | K44: =I44+J44 | L44: =L43+K44 | M44: =L44/(Inputs!$B$10*Inputs!$B$12) | N44: =(L44-K44)/(Inputs!$B$10*Inputs!$B$12)
A45: =Inputs!$B$42&" 6" | B45: 5 | C45: 6 | D45: =Inputs!$B$16^(B45-1)*Inputs!$B$5^(C45-1)*INDEX(Inputs!$D$38:$D$44,B45) | E45: =INDEX(Inputs!$C$38:$C$44,B45)*Inputs!$B$4^(C45-1) | F45: =IF(C45<9,Inputs!$B$8*E45,Inputs!$B$9*Inputs!$B$8*INDEX(Inputs!$C$38:$C$44,B45)*Inputs!$B$4^7) | G45: =IF(C45=1,F45/Inputs!$B$4,F44) | H45: =IF(C45=1,G45,Inputs!$B$7*F44) | I45: =H45/D45/3600 | J45: =(F45-G45)/(Inputs!$B$6*D45)/3600 | K45: =I45+J45 | L45: =L44+K45 | M45: =L45/(Inputs!$B$10*Inputs!$B$12) | N45: =(L45-K45)/(Inputs!$B$10*Inputs!$B$12)
A46: =Inputs!$B$42&" 7" | B46: 5 | C46: 7 | D46: =Inputs!$B$16^(B46-1)*Inputs!$B$5^(C46-1)*INDEX(Inputs!$D$38:$D$44,B46) | E46: =INDEX(Inputs!$C$38:$C$44,B46)*Inputs!$B$4^(C46-1) | F46: =IF(C46<9,Inputs!$B$8*E46,Inputs!$B$9*Inputs!$B$8*INDEX(Inputs!$C$38:$C$44,B46)*Inputs!$B$4^7) | G46: =IF(C46=1,F46/Inputs!$B$4,F45) | H46: =IF(C46=1,G46,Inputs!$B$7*F45) | I46: =H46/D46/3600 | J46: =(F46-G46)/(Inputs!$B$6*D46)/3600 | K46: =I46+J46 | L46: =L45+K46 | M46: =L46/(Inputs!$B$10*Inputs!$B$12) | N46: =(L46-K46)/(Inputs!$B$10*Inputs!$B$12)
A47: =Inputs!$B$42&" 8" | B47: 5 | C47: 8 | D47: =Inputs!$B$16^(B47-1)*Inputs!$B$5^(C47-1)*INDEX(Inputs!$D$38:$D$44,B47) | E47: =INDEX(Inputs!$C$38:$C$44,B47)*Inputs!$B$4^(C47-1) | F47: =IF(C47<9,Inputs!$B$8*E47,Inputs!$B$9*Inputs!$B$8*INDEX(Inputs!$C$38:$C$44,B47)*Inputs!$B$4^7) | G47: =IF(C47=1,F47/Inputs!$B$4,F46) | H47: =IF(C47=1,G47,Inputs!$B$7*F46) | I47: =H47/D47/3600 | J47: =(F47-G47)/(Inputs!$B$6*D47)/3600 | K47: =I47+J47 | L47: =L46+K47 | M47: =L47/(Inputs!$B$10*Inputs!$B$12) | N47: =(L47-K47)/(Inputs!$B$10*Inputs!$B$12)
A48: =Inputs!$B$42&" 9" | B48: 5 | C48: 9 | D48: =Inputs!$B$16^(B48-1)*Inputs!$B$5^(C48-1)*INDEX(Inputs!$D$38:$D$44,B48) | E48: =INDEX(Inputs!$C$38:$C$44,B48)*Inputs!$B$4^(C48-1) | F48: =IF(C48<9,Inputs!$B$8*E48,Inputs!$B$9*Inputs!$B$8*INDEX(Inputs!$C$38:$C$44,B48)*Inputs!$B$4^7) | G48: =IF(C48=1,F48/Inputs!$B$4,F47) | H48: =IF(C48=1,G48,Inputs!$B$7*F47) | I48: =H48/D48/3600 | J48: =(F48-G48)/(Inputs!$B$6*D48)/3600 | K48: =I48+J48 | L48: =L47+K48 | M48: =L48/(Inputs!$B$10*Inputs!$B$12) | N48: =(L48-K48)/(Inputs!$B$10*Inputs!$B$12)
A49: =Inputs!$B$43&" 1" | B49: 6 | C49: 1 | D49: =Inputs!$B$16^(B49-1)*Inputs!$B$5^(C49-1)*INDEX(Inputs!$D$38:$D$44,B49) | E49: =INDEX(Inputs!$C$38:$C$44,B49)*Inputs!$B$4^(C49-1) | F49: =IF(C49<9,Inputs!$B$8*E49,Inputs!$B$9*Inputs!$B$8*INDEX(Inputs!$C$38:$C$44,B49)*Inputs!$B$4^7) | G49: =IF(C49=1,F49/Inputs!$B$4,F48) | H49: =IF(C49=1,G49,Inputs!$B$7*F48) | I49: =H49/D49/3600 | J49: =(F49-G49)/(Inputs!$B$6*D49)/3600 | K49: =I49+J49 | L49: =L48+K49 | M49: =L49/(Inputs!$B$10*Inputs!$B$12) | N49: =(L49-K49)/(Inputs!$B$10*Inputs!$B$12)
A50: =Inputs!$B$43&" 2" | B50: 6 | C50: 2 | D50: =Inputs!$B$16^(B50-1)*Inputs!$B$5^(C50-1)*INDEX(Inputs!$D$38:$D$44,B50) | E50: =INDEX(Inputs!$C$38:$C$44,B50)*Inputs!$B$4^(C50-1) | F50: =IF(C50<9,Inputs!$B$8*E50,Inputs!$B$9*Inputs!$B$8*INDEX(Inputs!$C$38:$C$44,B50)*Inputs!$B$4^7) | G50: =IF(C50=1,F50/Inputs!$B$4,F49) | H50: =IF(C50=1,G50,Inputs!$B$7*F49) | I50: =H50/D50/3600 | J50: =(F50-G50)/(Inputs!$B$6*D50)/3600 | K50: =I50+J50 | L50: =L49+K50 | M50: =L50/(Inputs!$B$10*Inputs!$B$12) | N50: =(L50-K50)/(Inputs!$B$10*Inputs!$B$12)
A51: =Inputs!$B$43&" 3" | B51: 6 | C51: 3 | D51: =Inputs!$B$16^(B51-1)*Inputs!$B$5^(C51-1)*INDEX(Inputs!$D$38:$D$44,B51) | E51: =INDEX(Inputs!$C$38:$C$44,B51)*Inputs!$B$4^(C51-1) | F51: =IF(C51<9,Inputs!$B$8*E51,Inputs!$B$9*Inputs!$B$8*INDEX(Inputs!$C$38:$C$44,B51)*Inputs!$B$4^7) | G51: =IF(C51=1,F51/Inputs!$B$4,F50) | H51: =IF(C51=1,G51,Inputs!$B$7*F50) | I51: =H51/D51/3600 | J51: =(F51-G51)/(Inputs!$B$6*D51)/3600 | K51: =I51+J51 | L51: =L50+K51 | M51: =L51/(Inputs!$B$10*Inputs!$B$12) | N51: =(L51-K51)/(Inputs!$B$10*Inputs!$B$12)
A52: =Inputs!$B$43&" 4" | B52: 6 | C52: 4 | D52: =Inputs!$B$16^(B52-1)*Inputs!$B$5^(C52-1)*INDEX(Inputs!$D$38:$D$44,B52) | E52: =INDEX(Inputs!$C$38:$C$44,B52)*Inputs!$B$4^(C52-1) | F52: =IF(C52<9,Inputs!$B$8*E52,Inputs!$B$9*Inputs!$B$8*INDEX(Inputs!$C$38:$C$44,B52)*Inputs!$B$4^7) | G52: =IF(C52=1,F52/Inputs!$B$4,F51) | H52: =IF(C52=1,G52,Inputs!$B$7*F51) | I52: =H52/D52/3600 | J52: =(F52-G52)/(Inputs!$B$6*D52)/3600 | K52: =I52+J52 | L52: =L51+K52 | M52: =L52/(Inputs!$B$10*Inputs!$B$12) | N52: =(L52-K52)/(Inputs!$B$10*Inputs!$B$12)
A53: =Inputs!$B$43&" 5" | B53: 6 | C53: 5 | D53: =Inputs!$B$16^(B53-1)*Inputs!$B$5^(C53-1)*INDEX(Inputs!$D$38:$D$44,B53) | E53: =INDEX(Inputs!$C$38:$C$44,B53)*Inputs!$B$4^(C53-1) | F53: =IF(C53<9,Inputs!$B$8*E53,Inputs!$B$9*Inputs!$B$8*INDEX(Inputs!$C$38:$C$44,B53)*Inputs!$B$4^7) | G53: =IF(C53=1,F53/Inputs!$B$4,F52) | H53: =IF(C53=1,G53,Inputs!$B$7*F52) | I53: =H53/D53/3600 | J53: =(F53-G53)/(Inputs!$B$6*D53)/3600 | K53: =I53+J53 | L53: =L52+K53 | M53: =L53/(Inputs!$B$10*Inputs!$B$12) | N53: =(L53-K53)/(Inputs!$B$10*Inputs!$B$12)
A54: =Inputs!$B$43&" 6" | B54: 6 | C54: 6 | D54: =Inputs!$B$16^(B54-1)*Inputs!$B$5^(C54-1)*INDEX(Inputs!$D$38:$D$44,B54) | E54: =INDEX(Inputs!$C$38:$C$44,B54)*Inputs!$B$4^(C54-1) | F54: =IF(C54<9,Inputs!$B$8*E54,Inputs!$B$9*Inputs!$B$8*INDEX(Inputs!$C$38:$C$44,B54)*Inputs!$B$4^7) | G54: =IF(C54=1,F54/Inputs!$B$4,F53) | H54: =IF(C54=1,G54,Inputs!$B$7*F53) | I54: =H54/D54/3600 | J54: =(F54-G54)/(Inputs!$B$6*D54)/3600 | K54: =I54+J54 | L54: =L53+K54 | M54: =L54/(Inputs!$B$10*Inputs!$B$12) | N54: =(L54-K54)/(Inputs!$B$10*Inputs!$B$12)
A55: =Inputs!$B$43&" 7" | B55: 6 | C55: 7 | D55: =Inputs!$B$16^(B55-1)*Inputs!$B$5^(C55-1)*INDEX(Inputs!$D$38:$D$44,B55) | E55: =INDEX(Inputs!$C$38:$C$44,B55)*Inputs!$B$4^(C55-1) | F55: =IF(C55<9,Inputs!$B$8*E55,Inputs!$B$9*Inputs!$B$8*INDEX(Inputs!$C$38:$C$44,B55)*Inputs!$B$4^7) | G55: =IF(C55=1,F55/Inputs!$B$4,F54) | H55: =IF(C55=1,G55,Inputs!$B$7*F54) | I55: =H55/D55/3600 | J55: =(F55-G55)/(Inputs!$B$6*D55)/3600 | K55: =I55+J55 | L55: =L54+K55 | M55: =L55/(Inputs!$B$10*Inputs!$B$12) | N55: =(L55-K55)/(Inputs!$B$10*Inputs!$B$12)
A56: =Inputs!$B$43&" 8" | B56: 6 | C56: 8 | D56: =Inputs!$B$16^(B56-1)*Inputs!$B$5^(C56-1)*INDEX(Inputs!$D$38:$D$44,B56) | E56: =INDEX(Inputs!$C$38:$C$44,B56)*Inputs!$B$4^(C56-1) | F56: =IF(C56<9,Inputs!$B$8*E56,Inputs!$B$9*Inputs!$B$8*INDEX(Inputs!$C$38:$C$44,B56)*Inputs!$B$4^7) | G56: =IF(C56=1,F56/Inputs!$B$4,F55) | H56: =IF(C56=1,G56,Inputs!$B$7*F55) | I56: =H56/D56/3600 | J56: =(F56-G56)/(Inputs!$B$6*D56)/3600 | K56: =I56+J56 | L56: =L55+K56 | M56: =L56/(Inputs!$B$10*Inputs!$B$12) | N56: =(L56-K56)/(Inputs!$B$10*Inputs!$B$12)
A57: =Inputs!$B$43&" 9" | B57: 6 | C57: 9 | D57: =Inputs!$B$16^(B57-1)*Inputs!$B$5^(C57-1)*INDEX(Inputs!$D$38:$D$44,B57) | E57: =INDEX(Inputs!$C$38:$C$44,B57)*Inputs!$B$4^(C57-1) | F57: =IF(C57<9,Inputs!$B$8*E57,Inputs!$B$9*Inputs!$B$8*INDEX(Inputs!$C$38:$C$44,B57)*Inputs!$B$4^7) | G57: =IF(C57=1,F57/Inputs!$B$4,F56) | H57: =IF(C57=1,G57,Inputs!$B$7*F56) | I57: =H57/D57/3600 | J57: =(F57-G57)/(Inputs!$B$6*D57)/3600 | K57: =I57+J57 | L57: =L56+K57 | M57: =L57/(Inputs!$B$10*Inputs!$B$12) | N57: =(L57-K57)/(Inputs!$B$10*Inputs!$B$12)
A58: =Inputs!$B$44&" 1" | B58: 7 | C58: 1 | D58: =Inputs!$B$16^(B58-1)*Inputs!$B$5^(C58-1)*INDEX(Inputs!$D$38:$D$44,B58) | E58: =INDEX(Inputs!$C$38:$C$44,B58)*Inputs!$B$4^(C58-1) | F58: =IF(C58<9,Inputs!$B$8*E58,Inputs!$B$9*Inputs!$B$8*INDEX(Inputs!$C$38:$C$44,B58)*Inputs!$B$4^7) | G58: =IF(C58=1,F58/Inputs!$B$4,F57) | H58: =IF(C58=1,G58,Inputs!$B$7*F57) | I58: =H58/D58/3600 | J58: =(F58-G58)/(Inputs!$B$6*D58)/3600 | K58: =I58+J58 | L58: =L57+K58 | M58: =L58/(Inputs!$B$10*Inputs!$B$12) | N58: =(L58-K58)/(Inputs!$B$10*Inputs!$B$12)
A59: =Inputs!$B$44&" 2" | B59: 7 | C59: 2 | D59: =Inputs!$B$16^(B59-1)*Inputs!$B$5^(C59-1)*INDEX(Inputs!$D$38:$D$44,B59) | E59: =INDEX(Inputs!$C$38:$C$44,B59)*Inputs!$B$4^(C59-1) | F59: =IF(C59<9,Inputs!$B$8*E59,Inputs!$B$9*Inputs!$B$8*INDEX(Inputs!$C$38:$C$44,B59)*Inputs!$B$4^7) | G59: =IF(C59=1,F59/Inputs!$B$4,F58) | H59: =IF(C59=1,G59,Inputs!$B$7*F58) | I59: =H59/D59/3600 | J59: =(F59-G59)/(Inputs!$B$6*D59)/3600 | K59: =I59+J59 | L59: =L58+K59 | M59: =L59/(Inputs!$B$10*Inputs!$B$12) | N59: =(L59-K59)/(Inputs!$B$10*Inputs!$B$12)
A60: =Inputs!$B$44&" 3" | B60: 7 | C60: 3 | D60: =Inputs!$B$16^(B60-1)*Inputs!$B$5^(C60-1)*INDEX(Inputs!$D$38:$D$44,B60) | E60: =INDEX(Inputs!$C$38:$C$44,B60)*Inputs!$B$4^(C60-1) | F60: =IF(C60<9,Inputs!$B$8*E60,Inputs!$B$9*Inputs!$B$8*INDEX(Inputs!$C$38:$C$44,B60)*Inputs!$B$4^7) | G60: =IF(C60=1,F60/Inputs!$B$4,F59) | H60: =IF(C60=1,G60,Inputs!$B$7*F59) | I60: =H60/D60/3600 | J60: =(F60-G60)/(Inputs!$B$6*D60)/3600 | K60: =I60+J60 | L60: =L59+K60 | M60: =L60/(Inputs!$B$10*Inputs!$B$12) | N60: =(L60-K60)/(Inputs!$B$10*Inputs!$B$12)
A61: =Inputs!$B$44&" 4" | B61: 7 | C61: 4 | D61: =Inputs!$B$16^(B61-1)*Inputs!$B$5^(C61-1)*INDEX(Inputs!$D$38:$D$44,B61) | E61: =INDEX(Inputs!$C$38:$C$44,B61)*Inputs!$B$4^(C61-1) | F61: =IF(C61<9,Inputs!$B$8*E61,Inputs!$B$9*Inputs!$B$8*INDEX(Inputs!$C$38:$C$44,B61)*Inputs!$B$4^7) | G61: =IF(C61=1,F61/Inputs!$B$4,F60) | H61: =IF(C61=1,G61,Inputs!$B$7*F60) | I61: =H61/D61/3600 | J61: =(F61-G61)/(Inputs!$B$6*D61)/3600 | K61: =I61+J61 | L61: =L60+K61 | M61: =L61/(Inputs!$B$10*Inputs!$B$12) | N61: =(L61-K61)/(Inputs!$B$10*Inputs!$B$12)
A62: =Inputs!$B$44&" 5" | B62: 7 | C62: 5 | D62: =Inputs!$B$16^(B62-1)*Inputs!$B$5^(C62-1)*INDEX(Inputs!$D$38:$D$44,B62) | E62: =INDEX(Inputs!$C$38:$C$44,B62)*Inputs!$B$4^(C62-1) | F62: =IF(C62<9,Inputs!$B$8*E62,Inputs!$B$9*Inputs!$B$8*INDEX(Inputs!$C$38:$C$44,B62)*Inputs!$B$4^7) | G62: =IF(C62=1,F62/Inputs!$B$4,F61) | H62: =IF(C62=1,G62,Inputs!$B$7*F61) | I62: =H62/D62/3600 | J62: =(F62-G62)/(Inputs!$B$6*D62)/3600 | K62: =I62+J62 | L62: =L61+K62 | M62: =L62/(Inputs!$B$10*Inputs!$B$12) | N62: =(L62-K62)/(Inputs!$B$10*Inputs!$B$12)
A63: =Inputs!$B$44&" 6" | B63: 7 | C63: 6 | D63: =Inputs!$B$16^(B63-1)*Inputs!$B$5^(C63-1)*INDEX(Inputs!$D$38:$D$44,B63) | E63: =INDEX(Inputs!$C$38:$C$44,B63)*Inputs!$B$4^(C63-1) | F63: =IF(C63<9,Inputs!$B$8*E63,Inputs!$B$9*Inputs!$B$8*INDEX(Inputs!$C$38:$C$44,B63)*Inputs!$B$4^7) | G63: =IF(C63=1,F63/Inputs!$B$4,F62) | H63: =IF(C63=1,G63,Inputs!$B$7*F62) | I63: =H63/D63/3600 | J63: =(F63-G63)/(Inputs!$B$6*D63)/3600 | K63: =I63+J63 | L63: =L62+K63 | M63: =L63/(Inputs!$B$10*Inputs!$B$12) | N63: =(L63-K63)/(Inputs!$B$10*Inputs!$B$12)
A64: =Inputs!$B$44&" 7" | B64: 7 | C64: 7 | D64: =Inputs!$B$16^(B64-1)*Inputs!$B$5^(C64-1)*INDEX(Inputs!$D$38:$D$44,B64) | E64: =INDEX(Inputs!$C$38:$C$44,B64)*Inputs!$B$4^(C64-1) | F64: =IF(C64<9,Inputs!$B$8*E64,Inputs!$B$9*Inputs!$B$8*INDEX(Inputs!$C$38:$C$44,B64)*Inputs!$B$4^7) | G64: =IF(C64=1,F64/Inputs!$B$4,F63) | H64: =IF(C64=1,G64,Inputs!$B$7*F63) | I64: =H64/D64/3600 | J64: =(F64-G64)/(Inputs!$B$6*D64)/3600 | K64: =I64+J64 | L64: =L63+K64 | M64: =L64/(Inputs!$B$10*Inputs!$B$12) | N64: =(L64-K64)/(Inputs!$B$10*Inputs!$B$12)
A65: =Inputs!$B$44&" 8" | B65: 7 | C65: 8 | D65: =Inputs!$B$16^(B65-1)*Inputs!$B$5^(C65-1)*INDEX(Inputs!$D$38:$D$44,B65) | E65: =INDEX(Inputs!$C$38:$C$44,B65)*Inputs!$B$4^(C65-1) | F65: =IF(C65<9,Inputs!$B$8*E65,Inputs!$B$9*Inputs!$B$8*INDEX(Inputs!$C$38:$C$44,B65)*Inputs!$B$4^7) | G65: =IF(C65=1,F65/Inputs!$B$4,F64) | H65: =IF(C65=1,G65,Inputs!$B$7*F64) | I65: =H65/D65/3600 | J65: =(F65-G65)/(Inputs!$B$6*D65)/3600 | K65: =I65+J65 | L65: =L64+K65 | M65: =L65/(Inputs!$B$10*Inputs!$B$12) | N65: =(L65-K65)/(Inputs!$B$10*Inputs!$B$12)
A66: =Inputs!$B$44&" 9" | B66: 7 | C66: 9 | D66: =Inputs!$B$16^(B66-1)*Inputs!$B$5^(C66-1)*INDEX(Inputs!$D$38:$D$44,B66) | E66: =INDEX(Inputs!$C$38:$C$44,B66)*Inputs!$B$4^(C66-1) | F66: =IF(C66<9,Inputs!$B$8*E66,Inputs!$B$9*Inputs!$B$8*INDEX(Inputs!$C$38:$C$44,B66)*Inputs!$B$4^7) | G66: =IF(C66=1,F66/Inputs!$B$4,F65) | H66: =IF(C66=1,G66,Inputs!$B$7*F65) | I66: =H66/D66/3600 | J66: =(F66-G66)/(Inputs!$B$6*D66)/3600 | K66: =I66+J66 | L66: =L65+K66 | M66: =L66/(Inputs!$B$10*Inputs!$B$12) | N66: =(L66-K66)/(Inputs!$B$10*Inputs!$B$12)

Sheet Rebirth
A1: Rebirth: stacked gains, Karma, life planner
A3: Qi realm gains (stacked)
A4: Realm | B4: REALM_GAIN | C4: Cumulative before | D4: Gain at level 1 | E4: Gain at peak | F4: Qi Karma (stacked)
A5: =Inputs!C23 | B5: =Inputs!H23 | C5: 0 | D5: =IF(B5=0,0,C5+B5*(0.5+0.5*1/9)) | E5: =C5+B5 | F5: =Inputs!I23
A6: =Inputs!C24 | B6: =Inputs!H24 | C6: =C5+B5 | D6: =IF(B6=0,0,C6+B6*(0.5+0.5*1/9)) | E6: =C6+B6 | F6: =F5+Inputs!I24
A7: =Inputs!C25 | B7: =Inputs!H25 | C7: =C6+B6 | D7: =IF(B7=0,0,C7+B7*(0.5+0.5*1/9)) | E7: =C7+B7 | F7: =F6+Inputs!I25
A8: =Inputs!C26 | B8: =Inputs!H26 | C8: =C7+B7 | D8: =IF(B8=0,0,C8+B8*(0.5+0.5*1/9)) | E8: =C8+B8 | F8: =F7+Inputs!I26
A9: =Inputs!C27 | B9: =Inputs!H27 | C9: =C8+B8 | D9: =IF(B9=0,0,C9+B9*(0.5+0.5*1/9)) | E9: =C9+B9 | F9: =F8+Inputs!I27
A10: =Inputs!C28 | B10: =Inputs!H28 | C10: =C9+B9 | D10: =IF(B10=0,0,C10+B10*(0.5+0.5*1/9)) | E10: =C10+B10 | F10: =F9+Inputs!I28
A11: =Inputs!C29 | B11: =Inputs!H29 | C11: =C10+B10 | D11: =IF(B11=0,0,C11+B11*(0.5+0.5*1/9)) | E11: =C11+B11 | F11: =F10+Inputs!I29
A12: =Inputs!C30 | B12: =Inputs!H30 | C12: =C11+B11 | D12: =IF(B12=0,0,C12+B12*(0.5+0.5*1/9)) | E12: =C12+B12 | F12: =F11+Inputs!I30
A13: =Inputs!C31 | B13: =Inputs!H31 | C13: =C12+B12 | D13: =IF(B13=0,0,C13+B13*(0.5+0.5*1/9)) | E13: =C13+B13 | F13: =F12+Inputs!I31
A14: =Inputs!C32 | B14: =Inputs!H32 | C14: =C13+B13 | D14: =IF(B14=0,0,C14+B14*(0.5+0.5*1/9)) | E14: =C14+B14 | F14: =F13+Inputs!I32
A17: Body stage gains (stacked)
A18: Stage | B18: STAGE_GAIN | C18: Cumulative before | D18: Gain at layer 1 | E18: Gain at peak | F18: Body Karma (stacked)
A19: =Inputs!B38 | B19: =Inputs!F38 | C19: 0 | D19: =IF(B19=0,0,C19+B19*(0.5+0.5*1/9)) | E19: =C19+B19 | F19: =Inputs!G38
A20: =Inputs!B39 | B20: =Inputs!F39 | C20: =C19+B19 | D20: =IF(B20=0,0,C20+B20*(0.5+0.5*1/9)) | E20: =C20+B20 | F20: =F19+Inputs!G39
A21: =Inputs!B40 | B21: =Inputs!F40 | C21: =C20+B20 | D21: =IF(B21=0,0,C21+B21*(0.5+0.5*1/9)) | E21: =C21+B21 | F21: =F20+Inputs!G40
A22: =Inputs!B41 | B22: =Inputs!F41 | C22: =C21+B21 | D22: =IF(B22=0,0,C22+B22*(0.5+0.5*1/9)) | E22: =C22+B22 | F22: =F21+Inputs!G41
A23: =Inputs!B42 | B23: =Inputs!F42 | C23: =C22+B22 | D23: =IF(B23=0,0,C23+B23*(0.5+0.5*1/9)) | E23: =C23+B23 | F23: =F22+Inputs!G42
A24: =Inputs!B43 | B24: =Inputs!F43 | C24: =C23+B23 | D24: =IF(B24=0,0,C24+B24*(0.5+0.5*1/9)) | E24: =C24+B24 | F24: =F23+Inputs!G43
A25: =Inputs!B44 | B25: =Inputs!F44 | C25: =C24+B24 | D25: =IF(B25=0,0,C25+B25*(0.5+0.5*1/9)) | E25: =C25+B25 | F25: =F24+Inputs!G44
A28: Life planner (edit the blue cells: where each life rebirths)
A29: Life | B29: Qi realm reached | C29: Level | D29: Body stage reached | E29: Layer | F29: Qi × during life | G29: Body × during life | H29: Meditation h to reach (life 1 basis) | I29: Life length (days) | J29: Cumulative day | K29: Qi gain | L29: Body gain | M29: Qi Karma | N29: Body Karma | O29: Karma this rebirth | P29: Karma total | Q29: Qi × after | R29: Body × after | S29: Dao Marks if ascending now
A30: 1 | B30: GC | C30: 9 | D30: Silver Marrow | E30: 3 | F30: 1 | G30: 1 | H30: =INDEX(Qi_Pacing!$L$4:$L$93,MATCH(B30&" "&C30,Qi_Pacing!$A$4:$A$93,0)) | I30: =H30/F30/(Inputs!$B$10*Inputs!$B$11) | J30: =I30 | K30: =INDEX($C$5:$C$14,MATCH(B30,$A$5:$A$14,0))+INDEX($B$5:$B$14,MATCH(B30,$A$5:$A$14,0))*(0.5+0.5*C30/9) | L30: =INDEX($C$19:$C$25,MATCH(D30,$A$19:$A$25,0))+INDEX($B$19:$B$25,MATCH(D30,$A$19:$A$25,0))*(0.5+0.5*E30/9) | M30: =INDEX($F$5:$F$14,MATCH(B30,$A$5:$A$14,0)) | N30: =INDEX($F$19:$F$25,MATCH(D30,$A$19:$A$25,0)) | O30: =M30+N30 | P30: =O30 | Q30: =F30+K30 | R30: =G30+L30 | S30: =FLOOR(10*SQRT(Q30*R30),1)
A31: 2 | B31: NS | C31: 9 | D31: Jade Flesh | E31: 1 | F31: =F30+K30 | G31: =G30+L30 | H31: =INDEX(Qi_Pacing!$L$4:$L$93,MATCH(B31&" "&C31,Qi_Pacing!$A$4:$A$93,0)) | I31: =H31/F31/(Inputs!$B$10*Inputs!$B$11) | J31: =J30+I31 | K31: =INDEX($C$5:$C$14,MATCH(B31,$A$5:$A$14,0))+INDEX($B$5:$B$14,MATCH(B31,$A$5:$A$14,0))*(0.5+0.5*C31/9) | L31: =INDEX($C$19:$C$25,MATCH(D31,$A$19:$A$25,0))+INDEX($B$19:$B$25,MATCH(D31,$A$19:$A$25,0))*(0.5+0.5*E31/9) | M31: =INDEX($F$5:$F$14,MATCH(B31,$A$5:$A$14,0)) | N31: =INDEX($F$19:$F$25,MATCH(D31,$A$19:$A$25,0)) | O31: =M31+N31 | P31: =P30+O31 | Q31: =F31+K31 | R31: =G31+L31 | S31: =FLOOR(10*SQRT(Q31*R31),1)
A32: 3 | B32: NS | C32: 9 | D32: Jade Flesh | E32: 5 | F32: =F31+K31 | G32: =G31+L31 | H32: =INDEX(Qi_Pacing!$L$4:$L$93,MATCH(B32&" "&C32,Qi_Pacing!$A$4:$A$93,0)) | I32: =H32/F32/(Inputs!$B$10*Inputs!$B$11) | J32: =J31+I32 | K32: =INDEX($C$5:$C$14,MATCH(B32,$A$5:$A$14,0))+INDEX($B$5:$B$14,MATCH(B32,$A$5:$A$14,0))*(0.5+0.5*C32/9) | L32: =INDEX($C$19:$C$25,MATCH(D32,$A$19:$A$25,0))+INDEX($B$19:$B$25,MATCH(D32,$A$19:$A$25,0))*(0.5+0.5*E32/9) | M32: =INDEX($F$5:$F$14,MATCH(B32,$A$5:$A$14,0)) | N32: =INDEX($F$19:$F$25,MATCH(D32,$A$19:$A$25,0)) | O32: =M32+N32 | P32: =P31+O32 | Q32: =F32+K32 | R32: =G32+L32 | S32: =FLOOR(10*SQRT(Q32*R32),1)
A33: 4 | B33: SF | C33: 5 | D33: Jade Flesh | E33: 9 | F33: =F32+K32 | G33: =G32+L32 | H33: =INDEX(Qi_Pacing!$L$4:$L$93,MATCH(B33&" "&C33,Qi_Pacing!$A$4:$A$93,0)) | I33: =H33/F33/(Inputs!$B$10*Inputs!$B$11) | J33: =J32+I33 | K33: =INDEX($C$5:$C$14,MATCH(B33,$A$5:$A$14,0))+INDEX($B$5:$B$14,MATCH(B33,$A$5:$A$14,0))*(0.5+0.5*C33/9) | L33: =INDEX($C$19:$C$25,MATCH(D33,$A$19:$A$25,0))+INDEX($B$19:$B$25,MATCH(D33,$A$19:$A$25,0))*(0.5+0.5*E33/9) | M33: =INDEX($F$5:$F$14,MATCH(B33,$A$5:$A$14,0)) | N33: =INDEX($F$19:$F$25,MATCH(D33,$A$19:$A$25,0)) | O33: =M33+N33 | P33: =P32+O33 | Q33: =F33+K33 | R33: =G33+L33 | S33: =FLOOR(10*SQRT(Q33*R33),1)
A34: 5 | B34: VB | C34: 5 | D34: Golden Body | E34: 3 | F34: =F33+K33 | G34: =G33+L33 | H34: =INDEX(Qi_Pacing!$L$4:$L$93,MATCH(B34&" "&C34,Qi_Pacing!$A$4:$A$93,0)) | I34: =H34/F34/(Inputs!$B$10*Inputs!$B$11) | J34: =J33+I34 | K34: =INDEX($C$5:$C$14,MATCH(B34,$A$5:$A$14,0))+INDEX($B$5:$B$14,MATCH(B34,$A$5:$A$14,0))*(0.5+0.5*C34/9) | L34: =INDEX($C$19:$C$25,MATCH(D34,$A$19:$A$25,0))+INDEX($B$19:$B$25,MATCH(D34,$A$19:$A$25,0))*(0.5+0.5*E34/9) | M34: =INDEX($F$5:$F$14,MATCH(B34,$A$5:$A$14,0)) | N34: =INDEX($F$19:$F$25,MATCH(D34,$A$19:$A$25,0)) | O34: =M34+N34 | P34: =P33+O34 | Q34: =F34+K34 | R34: =G34+L34 | S34: =FLOOR(10*SQRT(Q34*R34),1)
A35: 6 | B35: MA | C35: 5 | D35: Golden Body | E35: 9 | F35: =F34+K34 | G35: =G34+L34 | H35: =INDEX(Qi_Pacing!$L$4:$L$93,MATCH(B35&" "&C35,Qi_Pacing!$A$4:$A$93,0)) | I35: =H35/F35/(Inputs!$B$10*Inputs!$B$11) | J35: =J34+I35 | K35: =INDEX($C$5:$C$14,MATCH(B35,$A$5:$A$14,0))+INDEX($B$5:$B$14,MATCH(B35,$A$5:$A$14,0))*(0.5+0.5*C35/9) | L35: =INDEX($C$19:$C$25,MATCH(D35,$A$19:$A$25,0))+INDEX($B$19:$B$25,MATCH(D35,$A$19:$A$25,0))*(0.5+0.5*E35/9) | M35: =INDEX($F$5:$F$14,MATCH(B35,$A$5:$A$14,0)) | N35: =INDEX($F$19:$F$25,MATCH(D35,$A$19:$A$25,0)) | O35: =M35+N35 | P35: =P34+O35 | Q35: =F35+K35 | R35: =G35+L35 | S35: =FLOOR(10*SQRT(Q35*R35),1)
A37: Life length = first-life meditation hours to reach that point ÷ the Qi multiplier during the life (approximation; body and gates not included).

Sheet Grounds_Economy
A1: Spirit Stone income vs Cultivation Ground upkeep
A3: Tier | B3: Realms | C3: Stones per hour (income)
A4: 1 | B4: MO–QS | C4: 200
A5: 2 | B5: FE | C5: 2000
A6: 3 | B6: GC | C6: 15000
A7: 4 | B7: NS | C7: 100000
A8: 5 | B8: SF | C8: =C7*Inputs!$B$18
A9: 6 | B9: VB | C9: =C8*Inputs!$B$18
A10: 7 | B10: MA | C10: =C9*Inputs!$B$18
A11: 8 | B11: GA 1–4 | C11: =C10*Inputs!$B$18
A12: 9 | B12: GA 5–9 | C12: =C11*Inputs!$B$18
A13: T1–T4 income from 03-Economy (Spirit Stone Flow); T5+ extrapolated ×7 per tier.
A15: Map # | B15: Ground | C15: Kind | D15: Multiplier | E15: Min realm | F15: Tier | G15: Upkeep/h (docs) | H15: Income/h at tier | I15: Upkeep share | J15: Recommended upkeep/h | K15: Check
A16: — | B16: Humble Hut | C16: Meditation | D16: 1 | E16: MO 1 | F16: 1 | G16: 0 | H16: =INDEX($C$4:$C$12,F16) | I16: =IFERROR(G16/H16,0) | J16: =IF(G16>0,ROUND(H16*Inputs!$B$19,-2),0) | K16: =IF(G16=0,"—",IF(AND(I16>=0.1,I16<=0.15),"OK","Retune"))
A17: — | B17: Village Courtyard | C17: Training | D17: 1 | E17: QC 1 | F17: 1 | G17: 0 | H17: =INDEX($C$4:$C$12,F17) | I17: =IFERROR(G17/H17,0) | J17: =IF(G17>0,ROUND(H17*Inputs!$B$19,-2),0) | K17: =IF(G17=0,"—",IF(AND(I17>=0.1,I17<=0.15),"OK","Retune"))
A18: 1 | B18: Bamboo Grove Hermitage | C18: Meditation | D18: 1.1 | E18: MO 5 | F18: 1 | G18: 0 | H18: =INDEX($C$4:$C$12,F18) | I18: =IFERROR(G18/H18,0) | J18: =IF(G18>0,ROUND(H18*Inputs!$B$19,-2),0) | K18: =IF(G18=0,"—",IF(AND(I18>=0.1,I18<=0.15),"OK","Retune"))
A19: 2 | B19: Pass Fort Drill Yard | C19: Training | D19: 1.1 | E19: QC 7 | F19: 1 | G19: 0 | H19: =INDEX($C$4:$C$12,F19) | I19: =IFERROR(G19/H19,0) | J19: =IF(G19>0,ROUND(H19*Inputs!$B$19,-2),0) | K19: =IF(G19=0,"—",IF(AND(I19>=0.1,I19<=0.15),"OK","Retune"))
A20: 3 | B20: Moonlit Lake Pavilion | C20: Meditation | D20: 1.2 | E20: FE 1 | F20: 2 | G20: 0 | H20: =INDEX($C$4:$C$12,F20) | I20: =IFERROR(G20/H20,0) | J20: =IF(G20>0,ROUND(H20*Inputs!$B$19,-2),0) | K20: =IF(G20=0,"—",IF(AND(I20>=0.1,I20<=0.15),"OK","Retune"))
A21: 4 | B21: Ember Hot Springs | C21: Training | D21: 1.25 | E21: FE 4 | F21: 2 | G21: 0 | H21: =INDEX($C$4:$C$12,F21) | I21: =IFERROR(G21/H21,0) | J21: =IF(G21>0,ROUND(H21*Inputs!$B$19,-2),0) | K21: =IF(G21=0,"—",IF(AND(I21>=0.1,I21<=0.15),"OK","Retune"))
A22: 5 | B22: Ruined Meditation Hall | C22: Meditation | D22: 1.3 | E22: FE 8 | F22: 2 | G22: 0 | H22: =INDEX($C$4:$C$12,F22) | I22: =IFERROR(G22/H22,0) | J22: =IF(G22>0,ROUND(H22*Inputs!$B$19,-2),0) | K22: =IF(G22=0,"—",IF(AND(I22>=0.1,I22<=0.15),"OK","Retune"))
A23: 6 | B23: Thunderstruck Summit | C23: Training | D23: 1.35 | E23: GC 2 | F23: 3 | G23: 0 | H23: =INDEX($C$4:$C$12,F23) | I23: =IFERROR(G23/H23,0) | J23: =IF(G23>0,ROUND(H23*Inputs!$B$19,-2),0) | K23: =IF(G23=0,"—",IF(AND(I23>=0.1,I23<=0.15),"OK","Retune"))
A24: 7 | B24: Venom-Steeped Pools | C24: Training | D24: 1.45 | E24: GC 5 | F24: 3 | G24: 0 | H24: =INDEX($C$4:$C$12,F24) | I24: =IFERROR(G24/H24,0) | J24: =IF(G24>0,ROUND(H24*Inputs!$B$19,-2),0) | K24: =IF(G24=0,"—",IF(AND(I24>=0.1,I24<=0.15),"OK","Retune"))
A25: 8 | B25: Glacial Cave of Stillness | C25: Meditation | D25: 1.5 | E25: GC 8 | F25: 3 | G25: 0 | H25: =INDEX($C$4:$C$12,F25) | I25: =IFERROR(G25/H25,0) | J25: =IF(G25>0,ROUND(H25*Inputs!$B$19,-2),0) | K25: =IF(G25=0,"—",IF(AND(I25>=0.1,I25<=0.15),"OK","Retune"))
A26: 9 | B26: Sunscorch Dunes | C26: Training | D26: 1.6 | E26: NS 1 | F26: 4 | G26: 0 | H26: =INDEX($C$4:$C$12,F26) | I26: =IFERROR(G26/H26,0) | J26: =IF(G26>0,ROUND(H26*Inputs!$B$19,-2),0) | K26: =IF(G26=0,"—",IF(AND(I26>=0.1,I26<=0.15),"OK","Retune"))
A27: 10 | B27: Yin Spirit Altar | C27: Meditation | D27: 1.65 | E27: NS 4 | F27: 4 | G27: 0 | H27: =INDEX($C$4:$C$12,F27) | I27: =IFERROR(G27/H27,0) | J27: =IF(G27>0,ROUND(H27*Inputs!$B$19,-2),0) | K27: =IF(G27=0,"—",IF(AND(I27>=0.1,I27<=0.15),"OK","Retune"))
... A43: 26 | B43: Summit of Heaven | C43: Both | D43: 4.5 | E43: GA 8 | F43: 9 | G43: 250000000 | H43: =INDEX($C$4:$C$12,F43) | I43: =IFERROR(G43/H43,0) | J43: =IF(G43>0,ROUND(H43*Inputs!$B$19,-2),0) | K43: =IF(G43=0,"—",IF(AND(I43>=0.1,I43<=0.15),"OK","Retune"))
A45: Upkeep (docs) is from content/15-Cultivation-Grounds, set to 10% / 12% / 14–15% of tier income for the 1st/2nd/3rd ground of each tier. Tier is mapped from the ground's minimum realm.

Sheet Checks
A1: Checks
A3: 1. Qi realm pacing vs registry targets (first life)
A4: Realm | B4: Target reach day | C4: Model reach day | D4: Model ÷ target − 1 | E4: Status | F4: Target realm length (days) | G4: Model realm length (days) | H4: Suggested BASE to hit target
A5: =Inputs!C23 | B5: =Inputs!G23 | C5: =INDEX(Qi_Pacing!$N$4:$N$93,MATCH(A5&" 1",Qi_Pacing!$A$4:$A$93,0)) | D5: =IF(B5<0.5,"",C5/B5-1) | E5: =IF(B5<0.5,"(tutorial)",IF(ABS(D5)<=0.2,"OK","Retune")) | F5: =B6-B5 | G5: =C6-C5 | H5: =IF(G5<=0,"",Inputs!E23*F5/G5)
A6: =Inputs!C24 | B6: =Inputs!G24 | C6: =INDEX(Qi_Pacing!$N$4:$N$93,MATCH(A6&" 1",Qi_Pacing!$A$4:$A$93,0)) | D6: =IF(B6<0.5,"",C6/B6-1) | E6: =IF(B6<0.5,"(tutorial)",IF(ABS(D6)<=0.2,"OK","Retune")) | F6: =B7-B6 | G6: =C7-C6 | H6: =IF(G6<=0,"",Inputs!E24*F6/G6)
A7: =Inputs!C25 | B7: =Inputs!G25 | C7: =INDEX(Qi_Pacing!$N$4:$N$93,MATCH(A7&" 1",Qi_Pacing!$A$4:$A$93,0)) | D7: =IF(B7<0.5,"",C7/B7-1) | E7: =IF(B7<0.5,"(tutorial)",IF(ABS(D7)<=0.2,"OK","Retune")) | F7: =B8-B7 | G7: =C8-C7 | H7: =IF(G7<=0,"",Inputs!E25*F7/G7)
A8: =Inputs!C26 | B8: =Inputs!G26 | C8: =INDEX(Qi_Pacing!$N$4:$N$93,MATCH(A8&" 1",Qi_Pacing!$A$4:$A$93,0)) | D8: =IF(B8<0.5,"",C8/B8-1) | E8: =IF(B8<0.5,"(tutorial)",IF(ABS(D8)<=0.2,"OK","Retune")) | F8: =B9-B8 | G8: =C9-C8 | H8: =IF(G8<=0,"",Inputs!E26*F8/G8)
A9: =Inputs!C27 | B9: =Inputs!G27 | C9: =INDEX(Qi_Pacing!$N$4:$N$93,MATCH(A9&" 1",Qi_Pacing!$A$4:$A$93,0)) | D9: =IF(B9<0.5,"",C9/B9-1) | E9: =IF(B9<0.5,"(tutorial)",IF(ABS(D9)<=0.2,"OK","Retune")) | F9: =B10-B9 | G9: =C10-C9 | H9: =IF(G9<=0,"",Inputs!E27*F9/G9)
A10: =Inputs!C28 | B10: =Inputs!G28 | C10: =INDEX(Qi_Pacing!$N$4:$N$93,MATCH(A10&" 1",Qi_Pacing!$A$4:$A$93,0)) | D10: =IF(B10<0.5,"",C10/B10-1) | E10: =IF(B10<0.5,"(tutorial)",IF(ABS(D10)<=0.2,"OK","Retune")) | F10: =B11-B10 | G10: =C11-C10 | H10: =IF(G10<=0,"",Inputs!E28*F10/G10)
A11: =Inputs!C29 | B11: =Inputs!G29 | C11: =INDEX(Qi_Pacing!$N$4:$N$93,MATCH(A11&" 1",Qi_Pacing!$A$4:$A$93,0)) | D11: =IF(B11<0.5,"",C11/B11-1) | E11: =IF(B11<0.5,"(tutorial)",IF(ABS(D11)<=0.2,"OK","Retune")) | F11: =B12-B11 | G11: =C12-C11 | H11: =IF(G11<=0,"",Inputs!E29*F11/G11)
A12: =Inputs!C30 | B12: =Inputs!G30 | C12: =INDEX(Qi_Pacing!$N$4:$N$93,MATCH(A12&" 1",Qi_Pacing!$A$4:$A$93,0)) | D12: =IF(B12<0.5,"",C12/B12-1) | E12: =IF(B12<0.5,"(tutorial)",IF(ABS(D12)<=0.2,"OK","Retune")) | F12: =B13-B12 | G12: =C13-C12 | H12: =IF(G12<=0,"",Inputs!E30*F12/G12)
A13: =Inputs!C31 | B13: =Inputs!G31 | C13: =INDEX(Qi_Pacing!$N$4:$N$93,MATCH(A13&" 1",Qi_Pacing!$A$4:$A$93,0)) | D13: =IF(B13<0.5,"",C13/B13-1) | E13: =IF(B13<0.5,"(tutorial)",IF(ABS(D13)<=0.2,"OK","Retune")) | F13: =B14-B13 | G13: =C14-C13 | H13: =IF(G13<=0,"",Inputs!E31*F13/G13)
A14: =Inputs!C32 | B14: =Inputs!G32 | C14: =INDEX(Qi_Pacing!$N$4:$N$93,MATCH(A14&" 1",Qi_Pacing!$A$4:$A$93,0)) | D14: =IF(B14<0.5,"",C14/B14-1) | E14: =IF(B14<0.5,"(tutorial)",IF(ABS(D14)<=0.2,"OK","Retune")) | F14: =B15-B14 | G14: =C15-C14 | H14: =IF(G14<=0,"",Inputs!E32*F14/G14)
A15: =Inputs!C33 | B15: =Inputs!G33 | C15: =INDEX(Qi_Pacing!$M$4:$M$93,MATCH("GA 9",Qi_Pacing!$A$4:$A$93,0)) | D15: =C15/B15-1 | E15: =IF(ABS(D15)<=0.2,"OK","Retune")
A16: Suggested BASE scales a realm's length to its target (realm time is proportional to BASE). Apply top-down: changing one realm shifts every later reach day.
A18: 2. Body stage pacing vs targets (content/02-Body)
A19: Stage | B19: Target completion day | C19: Model completion day | D19: Model ÷ target − 1 | E19: Status | F19: Suggested BODY_BASE
A20: =Inputs!B38 | B20: =Inputs!E38 | C20: =INDEX(Body_Pacing!$M$4:$M$66,MATCH(A20&" 9",Body_Pacing!$A$4:$A$66,0)) | D20: =C20/B20-1 | E20: =IF(ABS(D20)<=0.2,"OK","Retune") | F20: =IFERROR(Inputs!C38*(B20-0)/(C20-0),"")
A21: =Inputs!B39 | B21: =Inputs!E39 | C21: =INDEX(Body_Pacing!$M$4:$M$66,MATCH(A21&" 9",Body_Pacing!$A$4:$A$66,0)) | D21: =C21/B21-1 | E21: =IF(ABS(D21)<=0.2,"OK","Retune") | F21: =IFERROR(Inputs!C39*(B21-B20)/(C21-C20),"")
A22: =Inputs!B40 | B22: =Inputs!E40 | C22: =INDEX(Body_Pacing!$M$4:$M$66,MATCH(A22&" 9",Body_Pacing!$A$4:$A$66,0)) | D22: =C22/B22-1 | E22: =IF(ABS(D22)<=0.2,"OK","Retune") | F22: =IFERROR(Inputs!C40*(B22-B21)/(C22-C21),"")
A23: =Inputs!B41 | B23: =Inputs!E41 | C23: =INDEX(Body_Pacing!$M$4:$M$66,MATCH(A23&" 9",Body_Pacing!$A$4:$A$66,0)) | D23: =C23/B23-1 | E23: =IF(ABS(D23)<=0.2,"OK","Retune") | F23: =IFERROR(Inputs!C41*(B23-B22)/(C23-C22),"")
A24: =Inputs!B42 | B24: =Inputs!E42 | C24: =INDEX(Body_Pacing!$M$4:$M$66,MATCH(A24&" 9",Body_Pacing!$A$4:$A$66,0)) | D24: =C24/B24-1 | E24: =IF(ABS(D24)<=0.2,"OK","Retune") | F24: =IFERROR(Inputs!C42*(B24-B23)/(C24-C23),"")
A25: =Inputs!B43 | B25: =Inputs!E43 | C25: =INDEX(Body_Pacing!$M$4:$M$66,MATCH(A25&" 9",Body_Pacing!$A$4:$A$66,0)) | D25: =C25/B25-1 | E25: =IF(ABS(D25)<=0.2,"OK","Retune") | F25: =IFERROR(Inputs!C43*(B25-B24)/(C25-C24),"")
A26: =Inputs!B44 | B26: =Inputs!E44 | C26: =INDEX(Body_Pacing!$M$4:$M$66,MATCH(A26&" 9",Body_Pacing!$A$4:$A$66,0)) | D26: =C26/B26-1 | E26: =IF(ABS(D26)<=0.2,"OK","Retune") | F26: =IFERROR(Inputs!C44*(B26-B25)/(C26-C25),"")
A28: 3. EXT sanity (computed multipliers vs old doc assumption, MO–NS)
A29: Realm | B29: Old doc EXT | C29: Computed EXT | D29: Ratio | E29: Status
A30: =EXT_Budget!A4 | B30: =EXT_Budget!I4 | C30: =EXT_Budget!H4 | D30: =C30/B30 | E30: =IF(AND(D30>=0.8,D30<=1.25),"OK","Check")
A31: =EXT_Budget!A5 | B31: =EXT_Budget!I5 | C31: =EXT_Budget!H5 | D31: =C31/B31 | E31: =IF(AND(D31>=0.8,D31<=1.25),"OK","Check")
A32: =EXT_Budget!A6 | B32: =EXT_Budget!I6 | C32: =EXT_Budget!H6 | D32: =C32/B32 | E32: =IF(AND(D32>=0.8,D32<=1.25),"OK","Check")
A33: =EXT_Budget!A7 | B33: =EXT_Budget!I7 | C33: =EXT_Budget!H7 | D33: =C33/B33 | E33: =IF(AND(D33>=0.8,D33<=1.25),"OK","Check")
A34: =EXT_Budget!A8 | B34: =EXT_Budget!I8 | C34: =EXT_Budget!H8 | D34: =C34/B34 | E34: =IF(AND(D34>=0.8,D34<=1.25),"OK","Check")
A35: =EXT_Budget!A9 | B35: =EXT_Budget!I9 | C35: =EXT_Budget!H9 | D35: =C35/B35 | E35: =IF(AND(D35>=0.8,D35<=1.25),"OK","Check")
A37: 4. Other checks
A38: Check | B38: Value | C38: Target | D38: Status
A39: Meditation hours to reach FE | B39: =INDEX(Qi_Pacing!$L$4:$L$93,MATCH("QS 9",Qi_Pacing!$A$4:$A$93,0)) | C39: ≤ 1.0 h | D39: =IF(B39<=1,"OK","Retune")
A40: Grounds with upkeep outside 10–15% of income | B40: =COUNTIF(Grounds_Economy!$K$16:$K$43,"Retune") | C40: 0 | D40: =IF(B40=0,"OK","Retune")
A41: Karma total after life 2 (Rebirth planner) | B41: =Rebirth!P31 | C41: ≥ 10 | D41: =IF(B41>=10,"OK","Check")
A42: Dao Marks if ascending after life 6 | B42: =Rebirth!S35 | C42: info | D42: info
A43: Achievement Qi × at full completion | B43: =1+Inputs!B17 | C43: info (decision #62) | D43: info
